Date,Site_Number,Depth_Bin ,Fish_Number,Common_Name,Size,Observer,data entry questions,Common_Names,,Size_Bins
2/12/23,2,Deep,1,Chalk Bass,<2,Avery,,Banded Butterflyfish,,<2
2/12/23,2,Deep,2,Princess Parrotfish,3-4cm,Avery,,Bandtail Puffer,,2-3cm
2/12/23,2,Deep,3,Princess Parrotfish,3-4cm,Avery,,Beaugregory Damselfish,,3-4cm
2/12/23,2,Deep,4,Princess Parrotfish,3-4cm,Avery,,Bicolor Damselfish,,4-5cm
2/12/23,2,Deep,5,Slippery Dick ,2-3cm,Avery,,Blackear Wrasse,,6-10cm
2/12/23,2,Deep,6,Slippery Dick ,2-3cm,Avery,,Bluelip Parrotfish,,11-15cm
2/12/23,2,Deep,7,Slippery Dick ,2-3cm,Avery,,Bridled Goby,,16-20cm
2/12/23,2,Deep,8,Slippery Dick ,2-3cm,Avery,,Bucktooth Parrotfish,,21
2/12/23,2,Deep,9,Slippery Dick ,2-3cm,Avery,,Butter Hamlet,,22
2/12/23,2,Deep,10,Slippery Dick ,3-4cm,Avery,,Butterflyfish Species,,23
2/12/23,2,Deep,11,Slippery Dick ,3-4cm,James,,Chalk Bass,,24
2/12/23,2,Deep,12,Slippery Dick ,3-4cm,James,,Cocoa Damselfish,,25
2/12/23,2,Deep,13,Slippery Dick ,3-4cm,James,,Code Goby,,26
2/12/23,2,Deep,14,Striped Parrotfish,3-4cm,James,,Colon Goby,,27
2/12/23,2,Deep,15,Striped Parrotfish,3-4cm,James,,Cottonwick Grunt,,28
2/12/23,2,Deep,16,Striped Parrotfish,3-4cm,James,,Dragonet Species,,29
2/12/23,2,Deep,17,Striped Parrotfish,3-4cm,James,,Four-eye Butterflyfish,,30
2/12/23,2,Deep,18,Striped Parrotfish,3-4cm,James,,French Grunt,,31
2/12/23,2,Deep,19,Striped Parrotfish,4-5cm,James,,Goby Species,,32
2/12/23,3,Deep,20,Striped Parrotfish,2-3cm,James,,Goldline Blenny,,33
2/12/23,3,Deep,21,Tobacco Fish,2-3cm,James,,Goldspot Goby,,34
2/12/23,3,Deep,22,Tobacco Fish,2-3cm,James,,Green Razorfish,,35
2/12/23,3,Deep,23,Slippery Dick ,2-3cm,James,,Bluehead Wrasse,,
2/12/23,3,Deep,24,Yellowhead Jawfish,<2,James,,Greenblotch Parrotfish,,36
2/12/23,4,Deep,25,Bridled Goby,2-3cm,James,,Grunt Species,,37
2/12/23,4,Deep,26,Bridled Goby,2-3cm,James,,Hamlet Species,,38
2/12/23,4,Deep,27,Dwarf Sand Perch,3-4cm,James,,Harlequin Seabass,,39
2/12/23,4,Deep,28,Hamlet Species,3-4cm,James,,unknown Flounder,,
2/12/23,4,Deep,29,Hamlet Species,3-4cm,James,,,,
2/12/23,4,Deep,30,Rosy Blenny,2-3cm,James,,Hovering Dartfish,,40
2/12/23,4,Deep,31,Tobacco Fish,2-3cm,James,,Jawfish Species,,41
2/12/23,3,Intermediate,32,Dwarf Sand Perch,3-4cm,Natalie,,Lancer Dragonet,,42
2/12/23,3,Intermediate,33,Dwarf Sand Perch,3-4cm,Natalie,,Lane Snapper,,43
2/12/23,3,Intermediate,34,Green Razorfish,<2,Natalie,,Lizardfish Species,,44
2/12/23,3,Intermediate,35,Slippery Dick ,3-4cm,Natalie,,Blue Tang,,
2/12/23,3,Intermediate,36,Slippery Dick ,3-4cm,Natalie,,,,
2/12/23,3,Intermediate,37,Striped Parrotfish,<2,Natalie,,Masked Goby,,45
2/12/23,3,Intermediate,38,Bandtail Puffer,<2,Natalie,,Ocean Surgeonfish,,46
2/12/23,1,Intermediate,39,Bridled Goby,<2,Kianna,,Orangesided Goby,,47
2/12/23,1,Intermediate,40,Trumpet,2-3cm,Kianna,cant read fish name,Parrotfish Species,,48
2/12/23,1,Intermediate,41,Slippery Dick ,<2,Kianna,,Pearly Razorfish,,49
2/12/23,1,Intermediate,42,Slippery Dick ,<2,Kianna,,Pikeblenny Species,,50
2/12/23,1,Intermediate,43,Slippery Dick ,3-4cm,Kianna,,Pipefish Species,,51
2/12/23,1,Intermediate,44,Slippery Dick ,3-4cm,Kianna,,Pipefish Species,,52
2/12/23,1,Intermediate,45,Slippery Dick ,3-4cm,Kianna,,Porgy Family ,,53
2/12/23,1,Intermediate,46,Slippery Dick ,3-4cm,Kianna,,Porkfish,,54
2/12/23,1,Intermediate,47,unknown Flounder,<2,Kianna,,Princess Parrotfish,,55
2/12/23,1,Intermediate,48,Yellowtail Snapper,11-15cm,Kianna,,Puddingwife,,56
2/12/23,1,Shallow,49,Dwarf Sand Perch,3-4cm,Darian ,,Rainbow Wrasse,,57
2/12/23,1,Shallow,50,Dwarf Sand Perch,3-4cm,Darian ,,Razorfish Species ,,58
2/12/23,1,Shallow,51,Dwarf Sand Perch,3-4cm,Darian ,,Redband Parrotfish,,59
2/12/23,1,Shallow,52,Dwarf Sand Perch,3-4cm,Darian ,,Redtail Parrotfish,,60
2/12/23,1,Shallow,53,Dwarf Sand Perch,3-4cm,Darian ,,Rosy Blenny,,61
2/12/23,1,Shallow,54,Greenblotch Parrotfish,6-10cm,Darian ,,Black Bar Solider,,
2/12/23,1,Shallow,55,Greenblotch Parrotfish,6-10cm,Darian ,,,,
2/12/23,1,Shallow,56,Greenblotch Parrotfish,11-15cm,Darian ,,,,
2/12/23,1,Shallow,57,Greenblotch Parrotfish,11-15cm,Darian ,,,,
2/12/23,1,Shallow,58,Greenblotch Parrotfish,11-15cm,Darian ,,,,
2/12/23,1,Shallow,59,Sharpnose Puffer,2-3cm,Darian ,,,,
2/12/23,1,Shallow,60,Slender Filefish,2-3cm,Darian ,,Saucereye Porgy,,64
2/12/23,1,Shallow,61,Slippery Dick ,6-10cm,Darian ,,Sharpnose Puffer,,65
2/12/23,1,Shallow,62,Slippery Dick ,6-10cm,Darian ,,Slender Filefish,,66
2/12/23,1,Shallow,63,Slippery Dick ,11-15cm,Darian ,,Slippery Dick ,,67
2/12/23,1,Shallow,64,Dwarf Sand Perch,2-3cm,Madi,,Smooth Trunkfish,,68
2/12/23,1,Shallow,65,Dwarf Sand Perch,2-3cm,Madi,,Snapper Species,,69
2/12/23,1,Shallow,66,Dwarf Sand Perch,2-3cm,Madi,,Spotted Goatfish,,70
2/12/23,1,Shallow,67,Slender Filefish,<2,Madi,,Stoplight Parrotfish,,71
2/12/23,1,Shallow,68,Slippery Dick ,2-3cm,Madi,,Striped Parrotfish,,72
2/12/23,2,Shallow,69,Cocoa Damselfish,2-3cm,Kianna,,Threespot Damselfish,,73
2/12/23,2,Shallow,70,Masked Goby,2-3cm,Kianna,,Threespot Damselfish,,74
2/12/23,2,Shallow,71,Rosy Blenny,<2,Kianna,,White Grunt,,75
2/12/23,2,Shallow,72,Slippery Dick ,<2,Kianna,,Whitenose pipefish,,76
2/12/23,2,Shallow,73,Slippery Dick ,<2,Kianna,,Yellowhead Jawfish,,77
2/12/23,2,Shallow,74,Slippery Dick ,<2,Kianna,,Yellowtail Snapper,,78
2/12/23,2,Shallow,75,Slippery Dick ,2-3cm,Kianna,,Tobacco Fish,,79
2/12/23,2,Shallow,76,Slippery Dick ,2-3cm,Kianna,,Dwarf Sand Perch,,80
2/12/23,2,Shallow,77,Slippery Dick ,2-3cm,Kianna,,unknown,,81
2/12/23,2,Shallow,78,Slippery Dick ,2-3cm,Kianna,,Green Wrasse,,82
2/12/23,2,Shallow,79,Dwarf Sand Perch,3-4cm,Madi,,Trumpet,,83
2/12/23,2,Shallow,80,Dwarf Sand Perch,3-4cm,Madi,,sand skipper,,84
2/12/23,2,Shallow,81,Dwarf Sand Perch,3-4cm,Madi,,Spanish Grunt,,85
2/12/23,2,Shallow,82,Dwarf Sand Perch,3-4cm,Madi,,calus lance,,86
2/12/23,2,Shallow,83,Dwarf Sand Perch,3-4cm,Madi,,Rosy Razerfish,,87
2/12/23,2,Shallow,84,Dwarf Sand Perch,3-4cm,Madi,,Smooth Puffer,,88
2/12/23,2,Shallow,85,Hamlet Species,3-4cm,Madi,,Barred Hamlet,,89
2/12/23,2,Shallow,86,Princess Parrotfish,2-3cm,Madi,,Big Eyed Scad,,90
2/12/23,2,Shallow,87,Slippery Dick ,2-3cm,Madi,,Blue Runner,,91
2/12/23,2,Shallow,88,Slippery Dick ,2-3cm,Madi,,Sea Robin,,92
2/12/23,2,Shallow,89,Slippery Dick ,2-3cm,Madi,,Doctor Fish,,93
2/12/23,2,Shallow,90,Slippery Dick ,2-3cm,Madi,,Cubera Snapper ,,94
2/12/23,2,Shallow,91,Slippery Dick ,2-3cm,Madi,,Sea Robin,,95
2/12/23,2,Shallow,92,Slippery Dick ,2-3cm,Madi,,Yellowhead Wrasse,,96
2/12/23,2,Shallow,93,Striped Parrotfish,2-3cm,Madi,,unknown goby,,97
2/12/23,2,Shallow,94,Striped Parrotfish,2-3cm,Madi,,unknown blenny,,98
2/12/23,2,Shallow,95,Striped Parrotfish,2-3cm,Madi,,Bluehead Wrasse,,99
2/12/23,2,Shallow,96,Striped Parrotfish,2-3cm,Madi,,Unknown Flounder,,100
2/12/23,2,Shallow,97,Striped Parrotfish,2-3cm,Madi,,Black Bar Soldier,,101
2/12/23,2,Shallow,98,Striped Parrotfish,2-3cm,Madi,,,,102
2/12/23,2,Shallow,99,Striped Parrotfish,2-3cm,Madi,,,,103
2/12/23,2,Shallow,100,Striped Parrotfish,2-3cm,Madi,,,,104
2/12/23,2,Shallow,101,Yellowtail Snapper,4-5cm,Madi,,,,105
2/12/23,2,Shallow,102,Yellowtail Snapper,4-5cm,Madi,,,,106
2/12/23,3,Deep,103,unknown,<2,Avery,,,,107
2/12/23,3,Deep,104,Hamlet Species,2-3cm,Avery,,,,108
2/12/23,4,Deep,105,Chalk Bass,3-4cm,Darian ,,,,109
2/12/23,4,Deep,106,Chalk Bass,4-5cm,Darian ,,,,110
2/12/23,4,Deep,107,Colon Goby,3-4cm,Darian ,,,,111
2/12/23,4,Deep,108,Colon Goby,3-4cm,Darian ,,,,112
2/12/23,4,Deep,109,Dwarf Sand Perch,4-5cm,Darian ,,,,113
2/12/23,4,Deep,110,Rosy Blenny,4-5cm,Darian ,,,,114
2/12/23,4,Deep,111,Sharpnose Puffer,2-3cm,Darian ,,,,115
2/12/23,4,Deep,112,Sharpnose Puffer,3-4cm,Darian ,,,,116
2/12/23,4,Deep,113,Tobacco Fish,<2,Darian ,,,,117
2/12/23,1,Intermediate,114,Bridled Goby,2-3cm,Greg,,,,118
2/12/23,1,Intermediate,115,Bridled Goby,2-3cm,Greg,,,,119
2/12/23,1,Intermediate,116,Bridled Goby,3-4cm,Greg,,,,120
2/12/23,1,Intermediate,117,Dwarf Sand Perch,4-5cm,Greg,,,,121
2/12/23,1,Intermediate,118,Dwarf Sand Perch,4-5cm,Greg,,,,122
2/12/23,1,Intermediate,119,Green Wrasse,6-10cm,Greg,,,,123
2/12/23,1,Intermediate,120,Redband Parrotfish,2-3cm,Greg,,,,124
2/12/23,1,Intermediate,121,Redband Parrotfish,6-10cm,Greg,,,,125
2/12/23,3,Intermediate,122,Bridled Goby,4-5cm,Greg,,,,126
2/12/23,3,Intermediate,123,Dwarf Sand Perch,3-4cm,Greg,,,,127
2/12/23,3,Intermediate,124,Dwarf Sand Perch,6-10cm,Greg,,,,128
2/12/23,3,Intermediate,125,Bandtail Puffer,3-4cm,Greg,,,,129
2/12/23,3,Intermediate,126,Bandtail Puffer,3-4cm,Greg,,,,130
2/12/23,3,Intermediate,127,Bandtail Puffer,6-10cm,Greg,,,,131
2/12/23,3,Intermediate,128,Sharpnose Puffer,<2,Greg,,,,132
2/12/23,3,Intermediate,129,Rosy Razerfish,2-3cm,Greg,,,,133
2/12/23,3,Intermediate,130,Rosy Razerfish,3-4cm,Greg,,,,134
2/12/23,3,Intermediate,131,Rosy Razerfish,4-5cm,Greg,,,,135
2/12/23,2,Intermediate,132,Dwarf Sand Perch,4-5cm,Darian ,,,,136
2/12/23,2,Intermediate,133,Slender Filefish,2-3cm,Darian ,,,,137
2/12/23,2,Intermediate,134,Slippery Dick ,2-3cm,Darian ,,,,138
2/12/23,2,Intermediate,135,Slippery Dick ,2-3cm,Darian ,,,,139
2/12/23,2,Intermediate,136,Slippery Dick ,3-4cm,Darian ,,,,140
2/12/23,2,Intermediate,137,Slippery Dick ,3-4cm,Darian ,,,,141
2/12/23,2,Intermediate,138,Slippery Dick ,3-4cm,Darian ,,,,142
2/12/23,2,Intermediate,139,Colon Goby,<2,Stef,,,,143
2/12/23,2,Intermediate,140,Colon Goby,2-3cm,Stef,,,,144
2/12/23,2,Intermediate,141,Colon Goby,2-3cm,Stef,,,,145
2/16/23,8,Deep,142,Chalk Bass,4-5cm,Darian ,,,,146
2/16/23,8,Deep,143,Dwarf Sand Perch,2-3cm,Darian ,,,,147
2/16/23,8,Deep,144,Lane Snapper,3-4cm,Darian ,,,,148
2/16/23,8,Deep,145,Rosy Blenny,4-5cm,Darian ,,,,149
2/16/23,8,Deep,146,Slippery Dick ,3-4cm,Darian ,,,,150
2/16/23,8,Deep,147,Trumpet,11-15cm,Darian ,,,,151
2/16/23,8,Deep,148,Yellowtail Snapper,<2,Darian ,on datasheet as tomtate actually yellowtail snapper,,,152
2/16/23,8,Deep,149,Yellowtail Snapper,2-3cm,Darian ,,,,153
2/16/23,8,Deep,150,Yellowtail Snapper,2-3cm,Darian ,,,,154
2/16/23,8,Deep,151,Yellowtail Snapper,2-3cm,Darian ,,,,155
2/16/23,8,Deep,152,Yellowtail Snapper,3-4cm,Darian ,,,,156
2/16/23,8,Deep,153,Yellowtail Snapper,3-4cm,Darian ,,,,157
2/16/23,8,Deep,154,Bucktooth Parrotfish,6-10cm,Greg,,,,158
2/16/23,8,Deep,155,Hovering Dartfish,4-5cm,Greg,,,,159
2/16/23,8,Deep,156,Slender Filefish,3-4cm,Greg,,,,160
2/16/23,8,Deep,157,Slippery Dick ,4-5cm,Greg,,,,161
2/16/23,8,Deep,158,Striped Parrotfish,3-4cm,Greg,,,,162
2/16/23,8,Deep,159,Yellowtail Snapper,2-3cm,Greg,,,,163
2/16/23,8,Deep,160,Yellowtail Snapper,3-4cm,Greg,,,,164
2/16/23,8,Deep,161,Yellowtail Snapper,4-5cm,Greg,,,,165
2/16/23,8,Deep,162,Yellowtail Snapper,4-5cm,Greg,,,,166
2/16/23,8,Deep,163,Yellowtail Snapper,4-5cm,Greg,,,,167
2/16/23,8,Deep,164,Yellowtail Snapper,4-5cm,Greg,,,,168
2/16/23,8,Deep,165,Yellowtail Snapper,4-5cm,Greg,,,,169
2/16/23,8,Deep,166,Yellowtail Snapper,6-10cm,Greg,,,,170
2/16/23,4,Intermediate,167,Colon Goby,<2,Sabrina,,,,171
2/16/23,4,Intermediate,168,Colon Goby,<2,Sabrina,,,,172
2/16/23,4,Intermediate,169,Colon Goby,<2,Sabrina,,,,173
2/16/23,4,Intermediate,170,Colon Goby,<2,Sabrina,,,,174
2/16/23,4,Intermediate,171,Colon Goby,2-3cm,Sabrina,,,,175
2/16/23,4,Intermediate,172,Masked Goby,<2,Sabrina,,,,176
2/16/23,4,Intermediate,173,Masked Goby,<2,Sabrina,,,,177
2/16/23,4,Intermediate,174,unknown,<2,Sabrina,larava stage,,,178
2/16/23,4,Intermediate,175,unknown,<2,Sabrina,larava stage,,,179
2/16/23,4,Intermediate,176,unknown,<2,Sabrina,larava stage,,,180
2/16/23,4,Intermediate,177,unknown,<2,Sabrina,larava stage,,,181
2/16/23,4,Intermediate,178,unknown,<2,Sabrina,larava stage,,,182
2/16/23,4,Intermediate,179,unknown,<2,Sabrina,larava stage,,,183
2/16/23,4,Intermediate,180,unknown,<2,Sabrina,larava stage,,,184
2/16/23,4,Intermediate,181,unknown,2-3cm,Sabrina,larava stage,,,185
2/16/23,4,Intermediate,182,unknown,<2,Sabrina,,,,186
2/16/23,4,Intermediate,183,unknown,<2,Sabrina,,,,187
2/16/23,4,Intermediate,184,unknown,<2,Sabrina,,,,188
2/16/23,4,Intermediate,185,Sand Diver,<2,Sabrina,,,,189
2/16/23,4,Intermediate,186,Sand Diver,2-3cm,Sabrina,,,,190
2/16/23,4,Intermediate,187,Colon Goby,<2,Stef,,,,191
2/16/23,4,Intermediate,188,Colon Goby,<2,Stef,,,,192
2/16/23,4,Intermediate,189,Colon Goby,2-3cm,Stef,,,,193
2/16/23,4,Intermediate,190,Colon Goby,2-3cm,Stef,,,,194
2/16/23,4,Intermediate,191,Greenblotch Parrotfish,2-3cm,Stef,,,,195
2/16/23,4,Intermediate,192,Slender Filefish,2-3cm,Stef,,,,196
2/16/23,4,Intermediate,193,Slippery Dick ,2-3cm,Stef,,,,197
2/16/23,4,Intermediate,194,Sand Diver,<2,Stef,,,,198
2/16/23,4,Intermediate,195,Sand Diver,<2,Stef,,,,199
2/16/23,4,Intermediate,196,Sand Diver,4-5cm,Stef,,,,200
2/16/23,5,Intermediate,197,Bridled Goby,<2,Stef,,,,201
2/16/23,5,Intermediate,198,Masked Goby,<2,Stef,,,,202
2/16/23,5,Intermediate,199,Masked Goby,<2,Stef,,,,
2/16/23,5,Intermediate,200,Slender Filefish,4-5cm,Stef,,,,
2/16/23,5,Intermediate,201,Yellowtail Snapper,<2,Sabrina,confirm yellowtail snapper,,,
2/16/23,5,Intermediate,202,Yellowtail Snapper,<2,Sabrina,not yellowtail parrotfish,,,
2/16/23,5,Intermediate,203,Rosy Blenny,2-3cm,Sabrina,cant read the note in this column,,,
2/16/23,6,Intermediate,204,Bridled Goby,2-3cm,Madi,,,,
2/16/23,6,Intermediate,205,Masked Goby,<2,Madi,,,,
2/16/23,6,Intermediate,206,Masked Goby,<2,Madi,,,,
2/16/23,6,Intermediate,207,Masked Goby,<2,Madi,,,,
2/16/23,6,Intermediate,208,Masked Goby,<2,Madi,,,,
2/16/23,6,Intermediate,209,Sharpnose Puffer,2-3cm,Madi,,,,
2/16/23,6,Intermediate,210,Striped Parrotfish,2-3cm,Madi,,,,
2/16/23,6,Intermediate,211,Bridled Goby,<2,Avery,,,,
2/16/23,6,Intermediate,212,Bridled Goby,<2,Avery,,,,
2/16/23,6,Intermediate,213,Bridled Goby,<2,Avery,,,,
2/16/23,6,Intermediate,214,Striped Parrotfish,<2,Avery,,,,
2/16/23,6,Intermediate,215,Striped Parrotfish,<2,Avery,,,,
2/16/23,6,Intermediate,216,Striped Parrotfish,<2,Avery,,,,
2/16/23,6,Intermediate,217,Tobacco Fish,<2,Avery,,,,
2/16/23,7,Intermediate,218,Colon Goby,3-4cm,Madi,,,,
2/16/23,7,Intermediate,219,Princess Parrotfish,<2,Avery,,,,
2/16/23,7,Intermediate,220,Princess Parrotfish,2-3cm,Avery,,,,
2/16/23,7,Intermediate,221,Rosy Blenny,<2,Avery,,,,
2/16/23,7,Intermediate,222,Yellowtail Snapper,<2,Avery,,,,
2/16/23,7,Intermediate,223,Yellowtail Snapper,<2,Avery,,,,
2/16/23,7,Intermediate,224,Yellowtail Snapper,<2,Avery,,,,
2/18/23,8,Intermediate,225,Dwarf Sand Perch,2-3cm,Jordan,,,,
2/18/23,8,Intermediate,226,Dwarf Sand Perch,2-3cm,Jordan,,,,
2/18/23,8,Intermediate,227,Dwarf Sand Perch,2-3cm,Jordan,,,,
2/18/23,8,Intermediate,228,Dwarf Sand Perch,2-3cm,Jordan,,,,
2/18/23,8,Intermediate,229,Sharpnose Puffer,2-3cm,Jordan,,,,
2/18/23,8,Intermediate,230,Bridled Goby,2-3cm,Sabrina,benthic burrowing shrimp,,,
2/18/23,8,Intermediate,231,Bridled Goby,3-4cm,Sabrina,,,,
2/18/23,8,Intermediate,232,Bridled Goby,3-4cm,Sabrina,,,,
2/18/23,8,Intermediate,233,Bridled Goby,3-4cm,Sabrina,,,,
2/18/23,8,Intermediate,234,Chalk Bass,<2,Sabrina,,,,
2/18/23,8,Intermediate,235,Colon Goby,2-3cm,Sabrina,,,,
2/18/23,8,Intermediate,236,Colon Goby,2-3cm,Sabrina,,,,
2/18/23,8,Intermediate,237,Colon Goby,2-3cm,Sabrina,,,,
2/18/23,8,Intermediate,238,Dwarf Sand Perch,2-3cm,Sabrina,,,,
2/18/23,8,Intermediate,239,Spanish Grunt,<2,Sabrina,,,,
2/18/23,8,Intermediate,240,unknown,<2,Sabrina,double check this one,,,
2/18/23,8,Intermediate,241,unknown,<2,Sabrina,double check this one,,,
2/18/23,8,Intermediate,242,unknown,<2,Sabrina,double check this one,,,
2/18/23,9,Intermediate,243,Slippery Dick ,2-3cm,Jordan,,,,
2/18/23,9,Intermediate,244,Slippery Dick ,2-3cm,Jordan,,,,
2/18/23,9,Intermediate,245,Slippery Dick ,2-3cm,Jordan,,,,
2/18/23,9,Intermediate,246,Slippery Dick ,2-3cm,Jordan,,,,
2/18/23,9,Intermediate,247,Rosy Razerfish,2-3cm,Jordan,,,,
2/18/23,9,Intermediate,248,Rosy Razerfish,2-3cm,Jordan,,,,
2/18/23,9,Intermediate,249,Bridled Goby,2-3cm,Sabrina,,,,
2/18/23,9,Intermediate,250,Colon Goby,<2,Sabrina,,,,
2/18/23,9,Intermediate,251,Dwarf Sand Perch,<2,Sabrina,,,,
2/18/23,9,Intermediate,252,Slippery Dick ,3-4cm,Sabrina,,,,
2/18/23,9,Intermediate,253,unknown goby,2-3cm,Sabrina,"unknown goby, went into hole",,,
2/18/23,9,Intermediate,254,Rosy Razerfish,3-4cm,Sabrina,,,,
2/18/23,10,Intermediate,255,Slender Filefish,2-3cm,Stef,,,,
2/18/23,10,Intermediate,256,Slippery Dick ,3-4cm,Stef,,,,
2/18/23,10,Intermediate,257,Slippery Dick ,3-4cm,Stef,,,,
2/18/23,10,Intermediate,258,Striped Parrotfish,4-5cm,Madi,,,,
2/18/23,11,Intermediate,259,Bridled Goby,2-3cm,Stef,,,,
2/18/23,11,Intermediate,260,Chalk Bass,4-5cm,Stef,,,,
2/18/23,11,Intermediate,261,Chalk Bass,4-5cm,Stef,,,,
2/18/23,11,Intermediate,262,Greenblotch Parrotfish,3-4cm,Stef,,,,
2/18/23,11,Intermediate,263,Greenblotch Parrotfish,3-4cm,Stef,,,,
2/18/23,11,Intermediate,264,Slippery Dick ,11-15cm,Stef,,,,
2/18/23,11,Intermediate,265,Redband Parrotfish,2-3cm,Madi,,,,
2/18/23,11,Intermediate,266,Redband Parrotfish,2-3cm,Madi,,,,
2/18/23,11,Intermediate,267,Redband Parrotfish,2-3cm,Madi,,,,
2/18/23,11,Intermediate,268,Redband Parrotfish,3-4cm,Madi,,,,
2/18/23,11,Intermediate,269,Redband Parrotfish,4-5cm,Madi,,,,
2/18/23,11,Intermediate,270,Redband Parrotfish,4-5cm,Madi,,,,
2/18/23,11,Intermediate,271,Striped Parrotfish,6-10cm,Madi,,,,
2/18/23,11,Intermediate,272,Striped Parrotfish,11-15cm,Madi,,,,
2/18/23,11,Intermediate,273,Yellowtail Snapper,4-5cm,Madi,,,,
2/18/23,11,Intermediate,274,Yellowtail Snapper,4-5cm,Madi,,,,
2/21/23,13,Intermediate,275,Lane Snapper,<2,Stef,,,,
2/21/23,13,Intermediate,276,Slippery Dick ,2-3cm,Stef,,,,
2/21/23,13,Intermediate,277,Rosy Razerfish,<2,Stef,,,,
2/21/23,13,Intermediate,278,Green Razorfish,<2,Stef,,,,
2/21/23,13,Intermediate,279,Colon Goby,<2,Kianna,,,,
2/21/23,13,Intermediate,280,Colon Goby,<2,Kianna,,,,
2/21/23,13,Intermediate,281,Greenblotch Parrotfish,3-4cm,Kianna,,,,
2/21/23,13,Intermediate,282,Lane Snapper,2-3cm,Kianna,,,,
2/21/23,13,Intermediate,283,Masked Goby,<2,Kianna,,,,
2/21/23,13,Intermediate,284,Masked Goby,<2,Kianna,,,,
2/21/23,13,Intermediate,285,Masked Goby,2-3cm,Kianna,,,,
2/21/23,13,Intermediate,286,Slippery Dick ,2-3cm,Kianna,,,,
2/21/23,13,Intermediate,287,Slippery Dick ,4-5cm,Kianna,,,,
2/21/23,13,Intermediate,288,Striped Parrotfish,2-3cm,Kianna,,,,
2/21/23,13,Intermediate,289,Striped Parrotfish,2-3cm,Kianna,,,,
2/21/23,14,Intermediate,290,Bridled Goby,3-4cm,Stef,,,,
2/21/23,14,Intermediate,291,Chalk Bass,<2,Stef,,,,
2/21/23,14,Intermediate,292,Lane Snapper,<2,Stef,,,,
2/21/23,14,Intermediate,293,Lane Snapper,<2,Stef,,,,
2/21/23,14,Intermediate,294,Slippery Dick ,2-3cm,Stef,,,,
2/21/23,14,Intermediate,295,Slippery Dick ,3-4cm,Stef,,,,
2/21/23,14,Intermediate,296,Slippery Dick ,3-4cm,Stef,,,,
2/21/23,14,Intermediate,297,Striped Parrotfish,3-4cm,Stef,,,,
2/21/23,14,Intermediate,298,Smooth Puffer,<2,Stef,,,,
2/21/23,14,Intermediate,299,Colon Goby,<2,Kianna,,,,
2/21/23,14,Intermediate,300,Colon Goby,<2,Kianna,,,,
2/21/23,14,Intermediate,301,Masked Goby,<2,Kianna,,,,
2/21/23,14,Intermediate,302,Masked Goby,<2,Kianna,,,,
2/21/23,14,Intermediate,303,Masked Goby,<2,Kianna,,,,
2/21/23,14,Intermediate,304,Masked Goby,<2,Kianna,,,,
2/21/23,14,Intermediate,305,Striped Parrotfish,<2,Kianna,,,,
2/16/23,4,Shallow,306,Butterflyfish Species,<2,Madi,,,,
2/16/23,4,Shallow,307,Hamlet Species,<2,Jordan,,,,
2/16/23,4,Shallow,308,Hamlet Species,<2,Jordan,,,,
2/16/23,4,Shallow,309,Goldline Blenny,<2,Jordan,,,,
2/16/23,5,Shallow,310,Bridled Goby,3-4cm,Jordan,,,,
2/16/23,5,Shallow,311,Hamlet Species,3-4cm,Jordan,,,,
2/16/23,5,Shallow,312,Hamlet Species,3-4cm,Jordan,,,,
2/16/23,5,Shallow,313,Rosy Razerfish,3-4cm,Jordan,,,,
2/16/23,5,Shallow,314,Rosy Razerfish,3-4cm,Jordan,,,,
2/16/23,5,Shallow,315,Rosy Razerfish,3-4cm,Jordan,,,,
2/16/23,5,Shallow,316,Rosy Razerfish,3-4cm,Jordan,,,,
2/16/23,5,Shallow,317,Bucktooth Parrotfish,2-3cm,Madi,,,,
2/16/23,6,Shallow,318,Colon Goby,<2,Jordan,,,,
2/16/23,6,Shallow,319,Colon Goby,<2,Jordan,,,,
2/16/23,6,Shallow,320,Slippery Dick ,2-3cm,Jordan,,,,
2/16/23,6,Shallow,321,Rosy Razerfish,2-3cm,Jordan,,,,
2/16/23,5,Deep,322,Rosy Blenny,2-3cm,Avery,,,,
2/16/23,5,Deep,323,Slippery Dick ,2-3cm,Avery,,,,
2/16/23,5,Deep,324,Tobacco Fish,2-3cm,Avery,,,,
2/16/23,5,Deep,325,Yellowtail Snapper,<2,Avery,,,,
2/16/23,5,Deep,326,Yellowtail Snapper,<2,Avery,,,,
2/16/23,5,Deep,327,Yellowtail Snapper,<2,Avery,,,,
2/16/23,5,Deep,328,Yellowtail Snapper,<2,Avery,,,,
2/16/23,5,Deep,329,Yellowtail Snapper,<2,Avery,,,,
2/16/23,5,Deep,330,Yellowtail Snapper,<2,Avery,,,,
2/16/23,5,Deep,331,Slender Filefish,2-3cm,Avery,,,,
2/16/23,5,Deep,332,Slender Filefish,2-3cm,Avery,,,,
2/16/23,5,Deep,333,unknown,<2,Avery,,,,
2/16/23,5,Deep,334,Bridled Goby,2-3cm,James,,,,
2/16/23,5,Deep,335,Bridled Goby,3-4cm,James,,,,
2/16/23,5,Deep,336,Bridled Goby,4-5cm,James,,,,
2/16/23,5,Deep,337,Chalk Bass,2-3cm,James,,,,
2/16/23,5,Deep,338,Chalk Bass,2-3cm,James,,,,
2/16/23,5,Deep,339,Chalk Bass,2-3cm,James,,,,
2/16/23,5,Deep,340,Colon Goby,2-3cm,James,,,,
2/16/23,5,Deep,341,Colon Goby,2-3cm,James,,,,
2/16/23,5,Deep,342,Colon Goby,2-3cm,James,,,,
2/16/23,5,Deep,343,Colon Goby,2-3cm,James,,,,
2/16/23,5,Deep,344,Colon Goby,3-4cm,James,,,,
2/16/23,5,Deep,345,Dwarf Sand Perch,2-3cm,James,,,,
2/16/23,5,Deep,346,Dwarf Sand Perch,2-3cm,James,,,,
2/16/23,5,Deep,347,Dwarf Sand Perch,3-4cm,James,,,,
2/16/23,5,Deep,348,Lane Snapper,3-4cm,James,,,,
2/16/23,5,Deep,349,Lane Snapper,3-4cm,James,,,,
2/16/23,5,Deep,350,Lane Snapper,3-4cm,James,,,,
2/16/23,5,Deep,351,Lane Snapper,4-5cm,James,,,,
2/16/23,5,Deep,352,Lane Snapper,4-5cm,James,,,,
2/16/23,5,Deep,353,Masked Goby,2-3cm,James,,,,
2/16/23,5,Deep,354,Masked Goby,2-3cm,James,,,,
2/16/23,5,Deep,355,Rosy Blenny,4-5cm,James,,,,
2/16/23,5,Deep,356,Sharpnose Puffer,3-4cm,James,,,,
2/16/23,5,Deep,357,Slippery Dick ,3-4cm,James,,,,
2/16/23,5,Deep,358,Bucktooth Parrotfish,2-3cm,James,,,,
2/16/23,5,Deep,359,Spanish Grunt,3-4cm,James,,,,
2/16/23,5,Deep,360,French Grunt,2-3cm,James,,,,
2/16/23,5,Deep,361,French Grunt,2-3cm,James,,,,
2/16/23,5,Deep,362,French Grunt,3-4cm,James,,,,
2/25/23,18,Shallow,363,Colon Goby,2-3cm,Karl,,,,
2/25/23,18,Shallow,364,Colon Goby,2-3cm,Karl,,,,
2/25/23,18,Shallow,365,Slippery Dick ,<2,Karl,,,,
2/25/23,18,Shallow,366,Rosy Razerfish,3-4cm,Karl,,,,
2/25/23,18,Shallow,367,Rosy Razerfish,3-4cm,Karl,,,,
2/25/23,18,Shallow,368,Rosy Razerfish,4-5cm,Karl,,,,
2/25/23,18,Shallow,369,Pipefish Species,6-10cm,Karl,,,,
2/25/23,18,Shallow,370,Bridled Goby,<2,Nat,,,,
2/25/23,18,Shallow,371,Slender Filefish,2-3cm,Nat,,,,
2/25/23,18,Shallow,372,Slender Filefish,2-3cm,Nat,,,,
2/25/23,18,Shallow,373,Pipefish Species,6-10cm,Nat,,,,
2/25/23,20,Deep,374,Bridled Goby,2-3cm,Greg,,,,
2/25/23,20,Deep,375,Chalk Bass,3-4cm,Greg,,,,
2/25/23,20,Deep,376,Chalk Bass,3-4cm,Greg,,,,
2/25/23,20,Deep,377,Chalk Bass,3-4cm,Greg,,,,
2/25/23,20,Deep,378,Chalk Bass,4-5cm,Greg,,,,
2/25/23,20,Deep,379,Colon Goby,<2,Greg,,,,
2/25/23,20,Deep,380,Colon Goby,<2,Greg,,,,
2/25/23,20,Deep,381,Colon Goby,2-3cm,Greg,,,,
2/25/23,20,Deep,382,Lane Snapper,<2,Greg,,,,
2/25/23,20,Deep,383,Lane Snapper,<2,Greg,,,,
2/25/23,20,Deep,384,Lane Snapper,3-4cm,Greg,,,,
2/25/23,20,Deep,385,Lane Snapper,4-5cm,Greg,,,,
2/25/23,20,Deep,386,Lane Snapper,11-15cm,Greg,,,,
2/25/23,20,Deep,387,Redband Parrotfish,<2,Greg,,,,
2/25/23,20,Deep,388,Slender Filefish,2-3cm,Greg,,,,
2/25/23,20,Deep,389,Striped Parrotfish,<2,Greg,,,,
2/25/23,20,Deep,390,Striped Parrotfish,<2,Greg,,,,
2/25/23,20,Deep,391,Tobacco Fish,6-10cm,Greg,,,,
2/25/23,20,Deep,392,Yellowtail Snapper,<2,Greg,,,,
2/25/23,20,Deep,393,Yellowtail Snapper,<2,Greg,,,,
2/25/23,20,Deep,394,Yellowtail Snapper,<2,Greg,,,,
2/25/23,20,Deep,395,Yellowtail Snapper,2-3cm,Greg,,,,
2/25/23,20,Deep,396,Yellowtail Snapper,2-3cm,Greg,,,,
2/25/23,20,Deep,397,Yellowtail Snapper,2-3cm,Greg,,,,
2/25/23,20,Deep,398,Barred Hamlet,6-10cm,Greg,,,,
2/25/23,20,Deep,399,Butter Hamlet,3-4cm,Greg,,,,
2/25/23,20,Deep,400,Butter Hamlet,3-4cm,Greg,,,,
2/25/23,17,Shallow,401,Bridled Goby,<2,Nat,,,,
2/25/23,17,Shallow,402,Sharpnose Puffer,<2,Karl,,,,
2/25/23,19,Deep,403,Big Eyed Scad,11-15cm,Greg,,,,
2/25/23,19,Deep,404,Big Eyed Scad,11-15cm,Greg,,,,
2/25/23,19,Deep,405,Blue Runner,16-20cm,Greg,,,,
2/25/23,19,Deep,406,Blue Runner,16-20cm,Greg,,,,
2/25/23,19,Deep,407,Bridled Goby,<2,Greg,,,,
2/25/23,19,Deep,408,Bridled Goby,<2,Greg,,,,
2/25/23,19,Deep,409,Bridled Goby,<2,Greg,,,,
2/25/23,19,Deep,410,Bridled Goby,<2,Greg,,,,
2/25/23,19,Deep,411,Bridled Goby,2-3cm,Greg,,,,
2/25/23,19,Deep,412,Bridled Goby,2-3cm,Greg,,,,
2/25/23,19,Deep,413,Bridled Goby,2-3cm,Greg,,,,
2/25/23,19,Deep,414,Bridled Goby,2-3cm,Greg,,,,
2/25/23,19,Deep,415,Bridled Goby,2-3cm,Greg,,,,
2/25/23,19,Deep,416,Bridled Goby,4-5cm,Greg,,,,
2/25/23,19,Deep,417,Bridled Goby,4-5cm,Greg,,,,
2/25/23,19,Deep,418,Colon Goby,2-3cm,Greg,,,,
2/25/23,19,Deep,419,Colon Goby,2-3cm,Greg,,,,
2/25/23,19,Deep,420,Colon Goby,2-3cm,Greg,,,,
2/25/23,19,Deep,421,Colon Goby,3-4cm,Greg,,,,
2/25/23,19,Deep,422,Bridled Goby,<2,Darian,,,,
2/25/23,19,Deep,423,Bridled Goby,<2,Darian,,,,
2/25/23,19,Deep,424,Bridled Goby,<2,Darian,,,,
2/25/23,19,Deep,425,Bridled Goby,2-3cm,Darian,,,,
2/25/23,19,Deep,426,Bridled Goby,2-3cm,Darian,,,,
2/25/23,19,Deep,427,Chalk Bass,<2,Darian,,,,
2/25/23,19,Deep,428,Chalk Bass,<2,Darian,,,,
2/25/23,19,Deep,429,Chalk Bass,<2,Darian,,,,
2/25/23,19,Deep,430,Chalk Bass,<2,Darian,,,,
2/25/23,19,Deep,431,Chalk Bass,<2,Darian,,,,
2/25/23,19,Deep,432,Chalk Bass,<2,Darian,,,,
2/25/23,19,Deep,433,Chalk Bass,2-3cm,Darian,,,,
2/25/23,19,Deep,434,Chalk Bass,2-3cm,Darian,,,,
2/25/23,19,Deep,435,Colon Goby,<2,Darian,,,,
2/25/23,19,Deep,436,Colon Goby,<2,Darian,,,,
2/25/23,19,Deep,437,Colon Goby,2-3cm,Darian,,,,
2/25/23,19,Deep,438,Colon Goby,2-3cm,Darian,,,,
2/25/23,19,Deep,439,Rosy Blenny,<2,Darian,,,,
2/25/23,19,Deep,440,Rosy Blenny,<2,Darian,,,,
2/25/23,19,Deep,441,Rosy Blenny,<2,Darian,,,,
2/25/23,19,Deep,442,Rosy Blenny,2-3cm,Darian,,,,
2/25/23,19,Deep,443,Rosy Blenny,2-3cm,Darian,,,,
2/25/23,19,Deep,444,Rosy Blenny,2-3cm,Darian,,,,
2/25/23,19,Deep,445,Rosy Blenny,2-3cm,Darian,,,,
2/25/23,19,Deep,446,Rosy Blenny,3-4cm,Darian,,,,
2/22/23,15,Intermediate,447,Slippery Dick ,<2,Sabrina,,,,
2/22/23,15,Intermediate,448,Slippery Dick ,2-3cm,Sabrina,,,,
2/22/23,15,Intermediate,449,unknown,<2,Sabrina,,,,
2/22/23,15,Intermediate,450,unknown,<2,Sabrina,,,,
2/22/23,15,Intermediate,451,Dwarf Sand Perch,3-4cm,Natalie,,,,
2/22/23,15,Intermediate,452,unknown,2-3cm,Natalie,,,,
2/22/23,14,Shallow,453,Slippery Dick ,<2,James,,,,
2/22/23,14,Shallow,454,Slippery Dick ,2-3cm,James,,,,
2/22/23,14,Shallow,455,Colon Goby,<2,James,,,,
2/22/23,14,Shallow,456,Striped Parrotfish,<2,James,,,,
2/22/23,14,Shallow,457,Rosy Razerfish,6-10cm,James,,,,
2/22/23,14,Shallow,458,Rosy Razerfish,11-15cm,James,,,,
2/22/23,14,Shallow,459,Rosy Razerfish,11-15cm,James,,,,
2/22/23,14,Shallow,460,Rosy Razerfish,11-15cm,James,,,,
2/22/23,14,Shallow,461,unknown,16-20cm,James,,Cero / makeral thing,,
2/22/23,14,Shallow,462,Rosy Razerfish,4-5cm,Greg,,,,
2/22/23,14,Shallow,463,Rosy Razerfish,4-5cm,Greg,,,,
2/22/23,14,Shallow,464,Rosy Razerfish,4-5cm,Greg,,,,
2/22/23,14,Shallow,465,Rosy Razerfish,4-5cm,Greg,,,,
2/22/23,14,Shallow,466,Rosy Razerfish,4-5cm,Greg,,,,
2/22/23,14,Shallow,467,Rosy Razerfish,4-5cm,Greg,,,,
2/22/23,14,Shallow,468,Rosy Razerfish,6-10cm,Greg,,,,
2/22/23,14,Shallow,469,Rosy Razerfish,6-10cm,Greg,,,,
2/22/23,14,Shallow,470,Rosy Razerfish,6-10cm,Greg,,,,
2/22/23,14,Shallow,471,Rosy Razerfish,6-10cm,Greg,,,,
2/22/23,14,Shallow,472,Rosy Razerfish,6-10cm,Greg,,,,
2/22/23,14,Shallow,473,Rosy Razerfish,6-10cm,Greg,,,,
2/22/23,14,Shallow,474,Rosy Razerfish,11-15cm,Greg,,,,
2/22/23,14,Shallow,475,Rosy Razerfish,11-15cm,Greg,,,,
2/22/23,14,Shallow,476,Rosy Razerfish,11-15cm,Greg,,,,
2/24/23,15,Deep,477,Blue Runner,21,James,,,,
2/24/23,15,Deep,478,Blue Runner,21,James,,,,
2/24/23,15,Deep,479,Blue Runner,21,James,,,,
2/24/23,15,Deep,480,Blue Runner,21,James,,,,
2/24/23,15,Deep,481,Blue Runner,21,James,,,,
2/24/23,15,Deep,482,Blue Runner,21,James,,,,
2/24/23,15,Deep,483,Blue Runner,21,James,,,,
2/24/23,15,Deep,484,Blue Runner,21,James,,,,
2/24/23,15,Deep,485,Blue Runner,21,James,,,,
2/24/23,15,Deep,486,Blue Runner,21,James,,,,
2/24/23,15,Deep,487,Blue Runner,21,James,,,,
2/24/23,15,Deep,488,Blue Runner,21,James,,,,
2/24/23,15,Deep,489,Blue Runner,21,James,,,,
2/24/23,15,Deep,490,Blue Runner,21,James,,,,
2/24/23,15,Deep,491,Blue Runner,21,James,,,,
2/24/23,15,Deep,492,Blue Runner,21,James,,,,
2/24/23,15,Deep,493,Blue Runner,21,James,,,,
2/24/23,15,Deep,494,Blue Runner,21,James,,,,
2/24/23,15,Deep,495,Blue Runner,21,James,,,,
2/24/23,15,Deep,496,Blue Runner,21,James,,,,
2/24/23,15,Deep,497,Blue Runner,21,James,,,,
2/24/23,15,Deep,498,Blue Runner,21,James,,,,
2/24/23,15,Deep,499,Blue Runner,21,James,,,,
2/24/23,15,Deep,500,Blue Runner,21,James,,,,
2/24/23,15,Deep,501,Blue Runner,21,James,,,,
2/24/23,15,Deep,502,Blue Runner,21,James,,,,
2/24/23,15,Deep,503,Blue Runner,21,James,,,,
2/24/23,15,Deep,504,Blue Runner,21,James,,,,
2/24/23,15,Deep,505,Blue Runner,21,James,,,,
2/24/23,15,Deep,506,Blue Runner,21,James,,,,
2/24/23,15,Deep,507,Blue Runner,21,James,,,,
2/24/23,15,Deep,508,Bridled Goby,2-3cm,James,,,,
2/24/23,15,Deep,509,Colon Goby,3-4cm,James,,,,
2/24/23,15,Deep,510,Rosy Blenny,3-4cm,James,,,,
2/24/23,15,Deep,511,Rosy Blenny,3-4cm,James,,,,
2/24/23,15,Deep,512,Slippery Dick ,3-4cm,James,,,,
2/24/23,15,Deep,513,Masked Goby,<2,James,,,,
2/24/23,15,Deep,514,Masked Goby,<2,James,,,,
2/24/23,15,Deep,515,Masked Goby,<2,James,,,,
2/24/23,15,Deep,516,Masked Goby,<2,James,,,,
2/24/23,15,Deep,517,Masked Goby,<2,James,,,,
2/24/23,15,Deep,518,Masked Goby,<2,James,,,,
2/24/23,15,Deep,519,Blue Runner,21,Greg,,,,
2/24/23,15,Deep,520,Blue Runner,21,Greg,,,,
2/24/23,15,Deep,521,Blue Runner,21,Greg,,,,
2/24/23,15,Deep,522,Blue Runner,21,Greg,,,,
2/24/23,15,Deep,523,Blue Runner,21,Greg,,,,
2/24/23,15,Deep,524,Blue Runner,21,Greg,,,,
2/24/23,15,Deep,525,Blue Runner,21,Greg,,,,
2/24/23,15,Deep,526,Blue Runner,21,Greg,,,,
2/24/23,15,Deep,527,Blue Runner,21,Greg,,,,
2/24/23,15,Deep,528,Blue Runner,21,Greg,,,,
2/24/23,15,Deep,529,Blue Runner,21,Greg,,,,
2/24/23,15,Deep,530,Blue Runner,21,Greg,,,,
2/24/23,15,Deep,531,Blue Runner,21,Greg,,,,
2/24/23,15,Deep,532,Blue Runner,21,Greg,,,,
2/24/23,15,Deep,533,Blue Runner,21,Greg,,,,
2/24/23,15,Deep,534,Blue Runner,21,Greg,,,,
2/24/23,15,Deep,535,Blue Runner,21,Greg,,,,
2/24/23,15,Deep,536,Blue Runner,21,Greg,,,,
2/24/23,15,Deep,537,Blue Runner,21,Greg,,,,
2/24/23,15,Deep,538,Blue Runner,21,Greg,,,,
2/24/23,15,Deep,539,Blue Runner,21,Greg,,,,
2/24/23,15,Deep,540,Blue Runner,21,Greg,,,,
2/24/23,15,Deep,541,Blue Runner,21,Greg,,,,
2/24/23,15,Deep,542,Blue Runner,21,Greg,,,,
2/24/23,15,Deep,543,Blue Runner,21,Greg,,,,
2/24/23,15,Deep,544,Blue Runner,21,Greg,,,,
2/24/23,15,Deep,545,Blue Runner,21,Greg,,,,
2/24/23,15,Deep,546,Blue Runner,21,Greg,,,,
2/24/23,15,Deep,547,Blue Runner,21,Greg,,,,
2/24/23,15,Deep,548,Blue Runner,21,Greg,,,,
2/24/23,15,Deep,549,Blue Runner,21,Greg,,,,
2/24/23,15,Deep,550,Chalk Bass,<2,Greg,,,,
2/24/23,15,Deep,551,Chalk Bass,<2,Greg,,,,
2/24/23,15,Deep,552,Chalk Bass,<2,Greg,,,,
2/24/23,15,Deep,553,Chalk Bass,<2,Greg,,,,
2/24/23,15,Deep,554,Colon Goby,2-3cm,Greg,,,,
2/24/23,15,Deep,555,Redband Parrotfish,3-4cm,Greg,,,,
2/24/23,15,Deep,556,Yellowtail Snapper,2-3cm,Greg,,,,
2/24/23,15,Deep,557,Yellowtail Snapper,2-3cm,Greg,,,,
2/24/23,15,Deep,558,Yellowtail Snapper,2-3cm,Greg,,,,
2/24/23,15,Deep,559,Yellowtail Snapper,3-4cm,Greg,,,,
2/24/23,15,Deep,560,Yellowtail Snapper,3-4cm,Greg,,,,
2/25/23,20,Intermediate,561,Colon Goby,<2,Karl,,,,
2/25/23,20,Intermediate,562,Colon Goby,<2,Karl,,,,
2/25/23,20,Intermediate,563,Colon Goby,<2,Karl,,,,
2/25/23,20,Intermediate,564,Greenblotch Parrotfish,2-3cm,Karl,,,,
2/25/23,20,Intermediate,565,Rosy Razerfish,3-4cm,Karl,,,,
2/25/23,20,Intermediate,566,Slippery Dick ,<2,Karl,,,,
2/25/23,20,Intermediate,567,Slippery Dick ,<2,Karl,,,,
2/25/23,20,Intermediate,568,Slippery Dick ,<2,Karl,,,,
2/25/23,20,Intermediate,569,Slippery Dick ,2-3cm,Karl,,,,
2/25/23,20,Intermediate,570,Slippery Dick ,3-4cm,Karl,,,,
2/25/23,20,Intermediate,571,unknown,<2,Karl,,,,
2/25/23,20,Intermediate,572,Bridled Goby,<2,Sabrina,,,,
2/25/23,20,Intermediate,573,Bridled Goby,<2,Sabrina,,,,
2/25/23,20,Intermediate,574,Bridled Goby,<2,Sabrina,,,,
2/25/23,20,Intermediate,575,Bridled Goby,<2,Sabrina,,,,
2/25/23,20,Intermediate,576,Bridled Goby,2-3cm,Sabrina,,,,
2/25/23,20,Intermediate,577,Hovering Dartfish,2-3cm,Sabrina,,,,
2/25/23,20,Intermediate,578,Hovering Dartfish,2-3cm,Sabrina,,,,
2/25/23,20,Intermediate,579,Hovering Dartfish,2-3cm,Sabrina,,,,
2/25/23,20,Intermediate,580,Hovering Dartfish,2-3cm,Sabrina,,,,
2/25/23,20,Intermediate,581,Slippery Dick ,<2,Sabrina,,,,
2/25/23,20,Intermediate,582,Slippery Dick ,2-3cm,Sabrina,,,,
2/25/23,20,Intermediate,583,Slippery Dick ,2-3cm,Sabrina,,,,
2/25/23,20,Intermediate,584,Slippery Dick ,3-4cm,Sabrina,,,,
2/25/23,20,Intermediate,585,Slippery Dick ,3-4cm,Sabrina,,,,
2/25/23,20,Intermediate,586,Slender Filefish,3-4cm,Sabrina,,,,
2/25/23,20,Intermediate,587,Slender Filefish,3-4cm,Sabrina,,,,
2/25/23,20,Intermediate,588,unknown,3-4cm,Sabrina,,,,
2/25/23,20,Intermediate,589,Rosy Razerfish,3-4cm,Sabrina,,,,
2/25/23,20,Intermediate,590,Rosy Razerfish,3-4cm,Sabrina,,,,
2/25/23,20,Intermediate,591,Rosy Razerfish,4-5cm,Sabrina,,,,
2/25/23,20,Intermediate,592,Rosy Razerfish,4-5cm,Sabrina,,,,
2/25/23,21,Intermediate,593,Colon Goby,<2,Karl,,,,
2/25/23,21,Intermediate,594,Colon Goby,<2,Karl,,,,
2/25/23,21,Intermediate,595,Colon Goby,2-3cm,Karl,,,,
2/25/23,21,Intermediate,596,Colon Goby,3-4cm,Karl,,,,
2/25/23,21,Intermediate,597,Colon Goby,3-4cm,Karl,,,,
2/25/23,21,Intermediate,598,Colon Goby,3-4cm,Karl,,,,
2/25/23,21,Intermediate,599,Rosy Razerfish,4-5cm,Karl,,,,
2/25/23,21,Intermediate,600,Rosy Blenny,6-10cm,Karl,,,,
2/25/23,21,Intermediate,601,Rosy Blenny,6-10cm,Karl,,,,
2/25/23,21,Intermediate,602,Slippery Dick ,<2,Karl,,,,
2/25/23,21,Intermediate,603,Striped Parrotfish,<2,Karl,,,,
2/25/23,21,Intermediate,604,Striped Parrotfish,<2,Karl,,,,
2/25/23,21,Intermediate,605,Pipefish Species,6-10cm,Karl,,,,
2/25/23,21,Intermediate,606,Bridled Goby,<2,Sabrina,,,,
2/25/23,21,Intermediate,607,Bridled Goby,<2,Sabrina,,,,
2/25/23,21,Intermediate,608,Bridled Goby,2-3cm,Sabrina,,,,
2/25/23,21,Intermediate,609,Bridled Goby,3-4cm,Sabrina,,,,
2/25/23,21,Intermediate,610,Bridled Goby,3-4cm,Sabrina,,,,
2/25/23,21,Intermediate,611,Bridled Goby,4-5cm,Sabrina,,,,
2/25/23,21,Intermediate,612,Bridled Goby,4-5cm,Sabrina,,,,
2/25/23,21,Intermediate,613,Bridled Goby,4-5cm,Sabrina,,,,
2/25/23,21,Intermediate,614,Bridled Goby,4-5cm,Sabrina,,,,
2/25/23,21,Intermediate,615,Bridled Goby,4-5cm,Sabrina,,,,
2/25/23,21,Intermediate,616,Bridled Goby,4-5cm,Sabrina,,,,
2/25/23,21,Intermediate,617,Slender Filefish,3-4cm,Sabrina,,,,
2/25/23,21,Intermediate,618,Razorfish Species ,4-5cm,Sabrina,,,,
2/25/23,19,Shallow,619,Lane Snapper,2-3cm,Kianna,,,,
2/25/23,19,Shallow,620,Slippery Dick ,<2,Kianna,,,,
2/25/23,19,Shallow,621,Slippery Dick ,<2,Kianna,,,,
2/25/23,19,Shallow,622,Slippery Dick ,<2,Kianna,,,,
2/25/23,19,Shallow,623,Slippery Dick ,<2,Kianna,,,,
2/25/23,19,Shallow,624,Slippery Dick ,2-3cm,Kianna,,,,
2/25/23,19,Shallow,625,Slippery Dick ,2-3cm,Kianna,,,,
2/25/23,19,Shallow,626,Slippery Dick ,3-4cm,Kianna,,,,
2/25/23,19,Shallow,627,Striped Parrotfish,2-3cm,Kianna,,,,
2/25/23,19,Shallow,628,Slender Filefish,<2,Stefanie,,,,
2/25/23,19,Shallow,629,Slender Filefish,<2,Stefanie,,,,
2/25/23,19,Intermediate,630,Masked Goby,<2,Kianna,,,,
2/25/23,19,Intermediate,631,Masked Goby,<2,Kianna,,,,
2/25/23,19,Intermediate,632,Rosy Blenny,<2,Kianna,,,,
2/25/23,19,Intermediate,633,Rosy Blenny,<2,Kianna,,,,
2/25/23,19,Intermediate,634,Striped Parrotfish,<2,Kianna,,,,
2/25/23,19,Intermediate,635,Bridled Goby,2-3cm,Stefanie,,,,
2/25/23,19,Intermediate,636,Colon Goby,2-3cm,Stefanie,,,,
2/25/23,19,Intermediate,637,Redband Parrotfish,<2,Stefanie,,,,
2/25/23,19,Intermediate,638,Redband Parrotfish,2-3cm,Stefanie,,,,
2/25/23,19,Intermediate,639,Redband Parrotfish,2-3cm,Stefanie,,,,
2/25/23,24,Deep,640,Lane Snapper,<2,Avery,,,,
2/25/23,24,Deep,641,Lane Snapper,<2,Avery,,,,
2/25/23,24,Deep,642,Yellowtail Snapper,<2,Avery,,,,
2/25/23,24,Deep,643,Yellowtail Snapper,<2,Avery,,,,
2/25/23,24,Deep,644,Yellowtail Snapper,<2,Avery,,,,
2/25/23,24,Deep,645,Slender Filefish,2-3cm,Avery,,,,
2/25/23,24,Deep,646,unknown,<2,Avery,,,,
2/25/23,24,Deep,647,Lane Snapper,<2,James,,,,
2/25/23,24,Deep,648,Lane Snapper,<2,James,,,,
2/25/23,24,Deep,649,Lane Snapper,<2,James,,,,
2/25/23,24,Deep,650,Lane Snapper,4-5cm,James,,,,
2/25/23,24,Deep,651,Masked Goby,<2,James,,,,
2/25/23,24,Deep,652,Masked Goby,<2,James,,,,
2/25/23,24,Deep,653,Masked Goby,<2,James,,,,
2/25/23,24,Shallow,654,Masked Goby,<2,Kianna,,,,
2/25/23,24,Shallow,655,Masked Goby,<2,Kianna,,,,
2/25/23,24,Shallow,656,Sea Robin,6-10cm,Kianna,,Sea Robin,,
2/25/23,24,Shallow,657,Bridled Goby,<2,Stefanie,,,,
2/25/23,21,Deep,658,Lane Snapper,3-4cm,James,,,,
2/25/23,21,Deep,659,Princess Parrotfish,2-3cm,James,,,,
2/25/23,21,Deep,660,Slippery Dick ,<2,James,,,,
2/25/23,21,Deep,661,Slippery Dick ,<2,James,,,,
2/25/23,21,Deep,662,Masked Goby,<2,James,,,,
2/25/23,21,Deep,663,Masked Goby,<2,James,,,,
2/25/23,21,Deep,664,Masked Goby,<2,James,,,,
2/25/23,21,Deep,665,Masked Goby,<2,James,,,,
2/25/23,21,Deep,666,Masked Goby,<2,James,,,,
2/25/23,21,Deep,667,Masked Goby,<2,James,,,,
2/25/23,21,Deep,668,Masked Goby,<2,James,,,,
2/25/23,21,Deep,669,Masked Goby,2-3cm,James,,,,
2/25/23,21,Deep,670,Masked Goby,2-3cm,James,,,,
2/25/23,21,Deep,671,Masked Goby,2-3cm,James,,,,
2/25/23,21,Deep,672,Masked Goby,2-3cm,James,,,,
2/25/23,21,Deep,673,Masked Goby,2-3cm,James,,,,
2/25/23,21,Deep,674,Masked Goby,2-3cm,James,,,,
2/25/23,21,Deep,675,Masked Goby,2-3cm,James,,,,
2/25/23,21,Deep,676,Masked Goby,2-3cm,James,,,,
2/25/23,21,Deep,677,Masked Goby,2-3cm,James,,,,
2/25/23,21,Deep,678,Masked Goby,2-3cm,James,,,,
2/25/23,21,Deep,679,Masked Goby,2-3cm,James,,,,
2/25/23,21,Deep,680,Masked Goby,2-3cm,James,,,,
2/25/23,21,Deep,681,Masked Goby,2-3cm,James,,,,
2/25/23,21,Deep,682,Masked Goby,2-3cm,James,,,,
2/25/23,21,Deep,683,Masked Goby,2-3cm,James,,,,
2/25/23,21,Deep,684,Tobacco Fish,3-4cm,James,,,,
2/25/23,21,Deep,685,Tobacco Fish,3-4cm,James,,,,
2/25/23,21,Deep,686,Yellowtail Snapper,2-3cm,James,,,,
2/25/23,21,Deep,687,Yellowtail Snapper,2-3cm,James,,,,
2/25/23,21,Deep,688,Yellowtail Snapper,2-3cm,James,,,,
2/25/23,21,Deep,689,Yellowtail Snapper,2-3cm,James,,,,
2/25/23,21,Deep,690,Yellowtail Snapper,2-3cm,James,,,,
2/25/23,21,Deep,691,Yellowtail Snapper,2-3cm,James,,,,
2/25/23,21,Deep,692,Yellowtail Snapper,2-3cm,James,,,,
2/25/23,21,Deep,693,Yellowtail Snapper,2-3cm,James,,,,
2/25/23,21,Deep,694,Yellowtail Snapper,2-3cm,James,,,,
2/25/23,21,Deep,695,Yellowtail Snapper,2-3cm,James,,,,
2/25/23,21,Deep,696,Yellowtail Snapper,2-3cm,James,,,,
2/25/23,21,Deep,697,Yellowtail Snapper,2-3cm,James,,,,
2/25/23,21,Deep,698,Yellowtail Snapper,3-4cm,James,,,,
2/25/23,21,Deep,699,Yellowtail Snapper,3-4cm,James,,,,
2/25/23,21,Deep,700,Yellowtail Snapper,3-4cm,James,,,,
2/25/23,21,Deep,701,Yellowtail Snapper,3-4cm,James,,,,
2/25/23,21,Deep,702,Yellowtail Snapper,3-4cm,James,,,,
2/25/23,21,Deep,703,Yellowtail Snapper,3-4cm,James,,,,
2/25/23,21,Deep,704,Yellowtail Snapper,3-4cm,James,,,,
2/25/23,21,Deep,705,Yellowtail Snapper,3-4cm,James,,,,
2/25/23,21,Deep,706,Yellowtail Snapper,3-4cm,James,,,,
2/25/23,21,Deep,707,Yellowtail Snapper,3-4cm,James,,,,
2/25/23,21,Deep,708,Yellowtail Snapper,3-4cm,James,,,,
2/25/23,21,Deep,709,Lane Snapper,<2,Avery,,,,
2/25/23,21,Deep,710,Lane Snapper,<2,Avery,,,,
2/25/23,21,Deep,711,Lane Snapper,<2,Avery,,,,
2/25/23,21,Deep,712,Lane Snapper,<2,Avery,,,,
2/25/23,21,Deep,713,Lane Snapper,2-3cm,Avery,,,,
2/25/23,21,Deep,714,Yellowtail Snapper,<2,Avery,,,,
2/25/23,21,Deep,715,Yellowtail Snapper,<2,Avery,,,,
2/25/23,21,Deep,716,Yellowtail Snapper,<2,Avery,,,,
2/25/23,21,Deep,717,Yellowtail Snapper,<2,Avery,,,,
2/25/23,21,Deep,718,Yellowtail Snapper,<2,Avery,,,,
2/25/23,21,Deep,719,Yellowtail Snapper,<2,Avery,,,,
2/25/23,21,Deep,720,Yellowtail Snapper,<2,Avery,,,,
2/25/23,21,Deep,721,Yellowtail Snapper,<2,Avery,,,,
2/25/23,21,Deep,722,Yellowtail Snapper,<2,Avery,,,,
2/25/23,21,Deep,723,Yellowtail Snapper,<2,Avery,,,,
2/25/23,21,Deep,724,Yellowtail Snapper,<2,Avery,,,,
2/25/23,21,Deep,725,Yellowtail Snapper,<2,Avery,,,,
2/25/23,21,Deep,726,Yellowtail Snapper,<2,Avery,,,,
2/25/23,21,Deep,727,Yellowtail Snapper,<2,Avery,,,,
2/25/23,21,Deep,728,Slender Filefish,<2,Avery,,,,
2/26/23,22,Intermediate,729,Slippery Dick ,2-3cm,Nataile ,,,,
2/26/23,22,Intermediate,730,Slippery Dick ,2-3cm,Nataile ,,,,
2/26/23,22,Intermediate,731,Slippery Dick ,3-4cm,Nataile ,,,,
2/26/23,22,Intermediate,732,Slippery Dick ,3-4cm,Nataile ,,,,
2/26/23,22,Intermediate,733,unknown,<2,Nataile ,,,,
2/26/23,22,Intermediate,734,Greenblotch Parrotfish,<2,Stefanie,,,,
2/26/23,22,Intermediate,735,Redband Parrotfish,3-4cm,Stefanie,,,,
2/26/23,21,Shallow,736,Beaugregory Damselfish,<2,Avery,,,,
2/26/23,21,Shallow,737,Beaugregory Damselfish,2-3cm,Avery,,,,
2/26/23,21,Shallow,738,Colon Goby,<2,Avery,,,,
2/26/23,21,Shallow,739,Colon Goby,<2,Avery,,,,
2/26/23,21,Shallow,740,Colon Goby,<2,Avery,,,,
2/26/23,21,Shallow,741,Colon Goby,<2,Avery,,,,
2/26/23,21,Shallow,742,Colon Goby,<2,Avery,,,,
2/26/23,21,Shallow,743,Colon Goby,<2,Avery,,,,
2/26/23,21,Shallow,744,Colon Goby,<2,Avery,,,,
2/26/23,21,Shallow,745,Colon Goby,<2,Avery,,,,
2/26/23,21,Shallow,746,Colon Goby,<2,Avery,,,,
2/26/23,21,Shallow,747,Colon Goby,<2,Avery,,,,
2/26/23,21,Shallow,748,Colon Goby,<2,Avery,,,,
2/26/23,21,Shallow,749,Colon Goby,2-3cm,Avery,,,,
2/26/23,21,Shallow,750,Colon Goby,3-4cm,Avery,,,,
2/26/23,21,Shallow,751,Princess Parrotfish,<2,Avery,,,,
2/26/23,21,Shallow,752,Princess Parrotfish,<2,Avery,,,,
2/26/23,21,Shallow,753,Princess Parrotfish,<2,Avery,,,,
2/26/23,21,Shallow,754,Princess Parrotfish,2-3cm,Avery,,,,
2/26/23,21,Shallow,755,Rosy Blenny,<2,Avery,,,,
2/26/23,21,Shallow,756,Slippery Dick ,4-5cm,Avery,,,,
2/26/23,21,Shallow,757,Yellowtail Snapper,2-3cm,Avery,,,,
2/26/23,21,Shallow,758,Dwarf Sand Perch,2-3cm,Jordan,,,,
2/26/23,21,Shallow,759,Dwarf Sand Perch,2-3cm,Jordan,,,,
2/26/23,21,Shallow,760,Dwarf Sand Perch,3-4cm,Jordan,,,,
2/26/23,21,Shallow,761,Dwarf Sand Perch,3-4cm,Jordan,,,,
2/26/23,21,Shallow,762,Dwarf Sand Perch,3-4cm,Jordan,,,,
2/26/23,21,Shallow,763,Sharpnose Puffer,3-4cm,Jordan,,,,
2/26/23,21,Shallow,764,Slippery Dick ,<2,Jordan,,,,
2/26/23,21,Shallow,765,Slippery Dick ,<2,Jordan,,,,
2/26/23,21,Shallow,766,Slippery Dick ,<2,Jordan,,,,
2/26/23,21,Shallow,767,Slippery Dick ,<2,Jordan,,,,
2/26/23,21,Shallow,768,Slippery Dick ,<2,Jordan,,,,
2/26/23,21,Shallow,769,Slippery Dick ,<2,Jordan,,,,
2/26/23,21,Shallow,770,Slippery Dick ,<2,Jordan,,,,
2/26/23,21,Shallow,771,Slippery Dick ,<2,Jordan,,,,
2/26/23,21,Shallow,772,Slippery Dick ,<2,Jordan,,,,
2/26/23,21,Shallow,773,Slippery Dick ,<2,Jordan,,,,
2/26/23,21,Shallow,774,Slippery Dick ,<2,Jordan,,,,
2/26/23,21,Shallow,775,Slippery Dick ,<2,Jordan,,,,
2/26/23,21,Shallow,776,Slippery Dick ,3-4cm,Jordan,,,,
2/26/23,21,Shallow,777,Slippery Dick ,3-4cm,Jordan,,,,
2/26/23,21,Shallow,778,Slippery Dick ,3-4cm,Jordan,,,,
2/26/23,21,Shallow,779,Slippery Dick ,3-4cm,Jordan,,,,
2/26/23,21,Shallow,780,Slippery Dick ,3-4cm,Jordan,,,,
2/26/23,23,Deep,781,Lane Snapper,<2,Greg,,,,
2/26/23,23,Deep,782,Lane Snapper,3-4cm,Greg,,,,
2/26/23,23,Deep,783,Slender Filefish,4-5cm,Greg,,,,
2/26/23,23,Deep,784,Yellowtail Snapper,2-3cm,Greg,,,,
2/26/23,23,Deep,785,Yellowtail Snapper,2-3cm,Greg,,,,
2/26/23,23,Deep,786,Yellowtail Snapper,2-3cm,Greg,,,,
2/26/23,23,Deep,787,Yellowtail Snapper,4-5cm,Greg,,,,
2/26/23,23,Deep,788,Masked Goby,<2,James,,,,
2/26/23,23,Deep,789,Masked Goby,2-3cm,James,,,,
2/26/23,23,Deep,790,Masked Goby,2-3cm,James,,,,
2/26/23,23,Deep,791,Tobacco Fish,3-4cm,James,,,,
2/26/23,23,Deep,792,Tobacco Fish,3-4cm,James,,,,
2/26/23,23,Deep,793,Tobacco Fish,3-4cm,James,,,,
2/26/23,23,Deep,794,Tobacco Fish,3-4cm,James,,,,
2/26/23,23,Deep,795,Yellowtail Snapper,2-3cm,James,,,,
2/26/23,23,Deep,796,Slender Filefish,2-3cm,James,,,,
2/26/23,23,Intermediate,797,Dwarf Sand Perch,2-3cm,Nataile ,,,,
2/26/23,23,Intermediate,798,Dwarf Sand Perch,2-3cm,Nataile ,,,,
2/26/23,23,Intermediate,799,Dwarf Sand Perch,2-3cm,Stefanie,,,,
2/26/23,23,Intermediate,800,Greenblotch Parrotfish,<2,Stefanie,,,,
2/26/23,23,Intermediate,801,Slender Filefish,3-4cm,Stefanie,,,,
2/26/23,23,Intermediate,802,Slippery Dick ,<2,Stefanie,,,,
2/26/23,23,Intermediate,803,Slippery Dick ,2-3cm,Stefanie,,,,
2/26/23,23,Intermediate,804,Yellowhead Wrasse,<2,Stefanie,,yellowhead wrasse,,
2/26/23,22,Shallow,805,Princess Parrotfish,<2,Avery,,,,
2/26/23,22,Shallow,806,Slippery Dick ,<2,Avery,,,,
2/26/23,22,Shallow,807,Slippery Dick ,2-3cm,Avery,,,,
2/26/23,22,Shallow,808,Slippery Dick ,2-3cm,Avery,,,,
2/26/23,22,Shallow,809,unknown,<2,Avery,,,,
2/26/23,22,Shallow,810,Slippery Dick ,2-3cm,Jordan,,,,
2/26/23,22,Shallow,811,Slippery Dick ,2-3cm,Jordan,,,,
2/26/23,22,Shallow,812,Slippery Dick ,2-3cm,Jordan,,,,
2/26/23,22,Shallow,813,Slippery Dick ,2-3cm,Jordan,,,,
2/26/23,22,Deep,814,Slippery Dick ,4-5cm,James,,,,
2/26/23,22,Deep,815,Masked Goby,<2,James,,,,
2/26/23,22,Deep,816,Masked Goby,<2,James,,,,
2/26/23,22,Deep,817,Masked Goby,2-3cm,James,,,,
2/26/23,22,Deep,818,Masked Goby,2-3cm,James,,,,
2/26/23,22,Deep,819,Masked Goby,2-3cm,James,,,,
2/26/23,22,Deep,820,Yellowtail Snapper,2-3cm,James,,,,
2/26/23,22,Deep,821,Yellowtail Snapper,2-3cm,James,,,,
2/26/23,22,Deep,822,Yellowtail Snapper,2-3cm,James,,,,
2/26/23,22,Deep,823,Yellowtail Snapper,2-3cm,James,,,,
2/26/23,22,Deep,824,Yellowtail Snapper,2-3cm,James,,,,
2/26/23,22,Deep,825,Yellowtail Snapper,2-3cm,James,,,,
2/26/23,22,Deep,826,Yellowtail Snapper,2-3cm,James,,,,
2/26/23,22,Deep,827,Yellowtail Snapper,2-3cm,James,,,,
2/26/23,22,Deep,828,Yellowtail Snapper,2-3cm,James,,,,
2/26/23,22,Deep,829,Yellowtail Snapper,2-3cm,James,,,,
2/26/23,22,Deep,830,Yellowtail Snapper,2-3cm,James,,,,
2/26/23,22,Deep,831,Bucktooth Parrotfish,3-4cm,Greg,,,,
2/26/23,22,Deep,832,Chalk Bass,2-3cm,Greg,,,,
2/26/23,22,Deep,833,Chalk Bass,2-3cm,Greg,,,,
2/26/23,22,Deep,834,Chalk Bass,2-3cm,Greg,,,,
2/26/23,22,Deep,835,Chalk Bass,2-3cm,Greg,,,,
2/26/23,22,Deep,836,Chalk Bass,3-4cm,Greg,,,,
2/26/23,22,Deep,837,Chalk Bass,3-4cm,Greg,,,,
2/26/23,22,Deep,838,Chalk Bass,3-4cm,Greg,,,,
2/26/23,22,Deep,839,Lane Snapper,2-3cm,Greg,,,,
2/26/23,22,Deep,840,Lane Snapper,2-3cm,Greg,,,,
2/26/23,22,Deep,841,Lane Snapper,2-3cm,Greg,,,,
2/26/23,22,Deep,842,Slender Filefish,2-3cm,Greg,,,,
2/26/23,22,Deep,843,Slender Filefish,4-5cm,Greg,,,,
2/26/23,22,Deep,844,Yellowtail Snapper,2-3cm,Greg,,,,
2/26/23,22,Deep,845,Yellowtail Snapper,2-3cm,Greg,,,,
2/26/23,22,Deep,846,Yellowtail Snapper,2-3cm,Greg,,,,
2/26/23,22,Deep,847,Yellowtail Snapper,2-3cm,Greg,,,,
2/26/23,22,Deep,848,Yellowtail Snapper,2-3cm,Greg,,,,
2/26/23,22,Deep,849,Yellowtail Snapper,2-3cm,Greg,,,,
2/26/23,22,Deep,850,Yellowtail Snapper,3-4cm,Greg,,,,
2/26/23,22,Deep,851,Yellowtail Snapper,3-4cm,Greg,,,,
2/26/23,22,Deep,852,Yellowtail Snapper,3-4cm,Greg,,,,
2/26/23,22,Deep,853,Yellowtail Snapper,3-4cm,Greg,,,,
2/26/23,22,Deep,854,Yellowtail Snapper,3-4cm,Greg,,,,
2/26/23,22,Deep,855,Yellowtail Snapper,3-4cm,Greg,,,,
2/26/23,22,Deep,856,Yellowtail Snapper,3-4cm,Greg,,,,
2/26/23,22,Deep,857,Yellowtail Snapper,3-4cm,Greg,,,,
2/26/23,22,Deep,858,Yellowtail Snapper,3-4cm,Greg,,,,
2/26/23,22,Deep,859,Yellowtail Snapper,3-4cm,Greg,,,,
2/26/23,22,Deep,860,Yellowtail Snapper,3-4cm,Greg,,,,
2/26/23,22,Deep,861,Yellowtail Snapper,4-5cm,Greg,,,,
2/26/23,22,Deep,862,Yellowtail Snapper,4-5cm,Greg,,,,
2/25/23,20,Deep,863,Bridled Goby,2-3cm,Darian,,,,
2/25/23,20,Deep,864,Bridled Goby,2-3cm,Darian,,,,
2/25/23,20,Deep,865,Bridled Goby,2-3cm,Darian,,,,
2/25/23,20,Deep,866,Chalk Bass,<2,Darian,,,,
2/25/23,20,Deep,867,Chalk Bass,<2,Darian,,,,
2/25/23,20,Deep,868,Chalk Bass,2-3cm,Darian,,,,
2/25/23,20,Deep,869,Dwarf Sand Perch,2-3cm,Darian,,,,
2/25/23,20,Deep,870,Dwarf Sand Perch,2-3cm,Darian,,,,
2/25/23,20,Deep,871,Dwarf Sand Perch,2-3cm,Darian,,,,
2/25/23,20,Deep,872,Lane Snapper,<2,Darian,,,,
2/25/23,20,Deep,873,Lane Snapper,3-4cm,Darian,,,,
2/25/23,20,Deep,874,Lane Snapper,3-4cm,Darian,,,,
2/25/23,20,Deep,875,Lane Snapper,11-15cm,Darian,,,,
2/25/23,20,Deep,876,Slippery Dick ,<2,Darian,,,,
2/25/23,20,Deep,877,Slippery Dick ,<2,Darian,,,,
2/25/23,20,Deep,878,Slippery Dick ,2-3cm,Darian,,,,
2/25/23,20,Deep,879,Slippery Dick ,2-3cm,Darian,,,,
2/25/23,20,Deep,880,Striped Parrotfish,2-3cm,Darian,,,,
2/25/23,20,Deep,881,Striped Parrotfish,2-3cm,Darian,,,,
2/25/23,20,Deep,882,Striped Parrotfish,3-4cm,Darian,,,,
2/25/23,20,Deep,883,Yellowtail Snapper,2-3cm,Darian,,,,
2/25/23,20,Deep,884,Yellowtail Snapper,2-3cm,Darian,,,,
2/25/23,20,Deep,885,Yellowtail Snapper,2-3cm,Darian,,,,
2/25/23,20,Deep,886,Yellowtail Snapper,2-3cm,Darian,,,,
2/25/23,20,Deep,887,Yellowtail Snapper,2-3cm,Darian,,,,
2/25/23,20,Deep,888,Yellowtail Snapper,2-3cm,Darian,,,,
2/25/23,20,Deep,889,Yellowtail Snapper,2-3cm,Darian,,,,
2/25/23,20,Deep,890,Yellowtail Snapper,2-3cm,Darian,,,,
2/25/23,20,Deep,891,Bridled Goby,2-3cm,Greg,,,,
2/25/23,20,Deep,892,Chalk Bass,3-4cm,Greg,,,,
2/25/23,20,Deep,893,Chalk Bass,3-4cm,Greg,,,,
2/25/23,20,Deep,894,Chalk Bass,3-4cm,Greg,,,,
2/25/23,20,Deep,895,Chalk Bass,4-5cm,Greg,,,,
2/25/23,20,Deep,896,Chalk Bass,4-5cm,Greg,,,,
2/25/23,20,Deep,897,Colon Goby,<2,Greg,,,,
2/25/23,20,Deep,898,Colon Goby,<2,Greg,,,,
2/25/23,20,Deep,899,Colon Goby,2-3cm,Greg,,,,
2/25/23,20,Deep,900,Lane Snapper,<2,Greg,,,,
2/25/23,20,Deep,901,Lane Snapper,<2,Greg,,,,
2/25/23,20,Deep,902,Lane Snapper,3-4cm,Greg,,,,
2/25/23,20,Deep,903,Lane Snapper,4-5cm,Greg,,,,
2/25/23,20,Deep,904,Lane Snapper,11-15cm,Greg,,,,
2/25/23,20,Deep,905,Redband Parrotfish,<2,Greg,,,,
2/25/23,20,Deep,906,Slender Filefish,2-3cm,Greg,,,,
2/25/23,20,Deep,907,Striped Parrotfish,<2,Greg,,,,
2/25/23,20,Deep,908,Striped Parrotfish,<2,Greg,,,,
2/25/23,20,Deep,909,Tobacco Fish,6-10cm,Greg,,,,
2/25/23,20,Deep,910,Yellowtail Snapper,<2,Greg,,,,
2/25/23,20,Deep,911,Yellowtail Snapper,<2,Greg,,,,
2/25/23,20,Deep,912,Yellowtail Snapper,<2,Greg,,,,
2/25/23,20,Deep,913,Yellowtail Snapper,2-3cm,Greg,,,,
2/25/23,20,Deep,914,Yellowtail Snapper,2-3cm,Greg,,,,
2/25/23,20,Deep,915,Yellowtail Snapper,2-3cm,Greg,,,,
2/25/23,20,Deep,916,Barred Hamlet,6-10cm,Greg,,,,
2/25/23,20,Deep,917,Butter Hamlet,3-4cm,Greg,,,,
2/25/23,20,Deep,918,Butter Hamlet,3-4cm,Greg,,,,
2/24/23,15,Shallow,919,Bluelip Parrotfish,<2,Avery,,,,
2/24/23,15,Shallow,920,Bluelip Parrotfish,<2,Avery,,,,
2/24/23,15,Shallow,921,Bluelip Parrotfish,<2,Avery,,,,
2/24/23,15,Shallow,922,Bluelip Parrotfish,<2,Avery,,,,
2/24/23,15,Shallow,923,Bluelip Parrotfish,<2,Avery,,,,
2/24/23,15,Shallow,924,Bluelip Parrotfish,<2,Avery,,,,
2/24/23,15,Shallow,925,Princess Parrotfish,<2,Avery,,,,
2/24/23,15,Shallow,926,Princess Parrotfish,<2,Avery,,,,
2/24/23,15,Shallow,927,Princess Parrotfish,<2,Avery,,,,
2/24/23,15,Shallow,928,Princess Parrotfish,<2,Avery,,,,
2/24/23,15,Shallow,929,Princess Parrotfish,<2,Avery,,,,
2/24/23,15,Shallow,930,Sharpnose Puffer,<2,Avery,,,,
2/24/23,15,Shallow,931,Slippery Dick ,<2,Avery,,,,
2/24/23,15,Shallow,932,Slippery Dick ,<2,Avery,,,,
2/24/23,15,Shallow,933,Bridled Goby,2-3cm,James,,,,
2/24/23,15,Shallow,934,Bridled Goby,2-3cm,James,,,,
2/24/23,15,Shallow,935,Dwarf Sand Perch,2-3cm,James,,,,
2/24/23,15,Shallow,936,Princess Parrotfish,<2,James,,,,
2/24/23,15,Shallow,937,Princess Parrotfish,<2,James,,,,
2/24/23,15,Shallow,938,Princess Parrotfish,<2,James,,,,
2/24/23,15,Shallow,939,Princess Parrotfish,2-3cm,James,,,,
2/24/23,15,Shallow,940,Slippery Dick ,3-4cm,James,,,,
2/24/23,15,Shallow,941,Masked Goby,<2,James,,,,
2/24/23,15,Shallow,942,Masked Goby,2-3cm,James,,,,
2/24/23,15,Shallow,943,Masked Goby,2-3cm,James,,,,
2/24/23,15,Shallow,944,Slender Filefish,2-3cm,James,,,,
2/24/23,16,Deep,945,Chalk Bass,<2,Avery,,,,
2/24/23,16,Deep,946,Chalk Bass,<2,Avery,,,,
2/24/23,16,Deep,947,Chalk Bass,<2,Avery,,,,
2/24/23,16,Deep,948,Chalk Bass,<2,Avery,,,,
2/24/23,16,Deep,949,Chalk Bass,<2,Avery,,,,
2/24/23,16,Deep,950,Chalk Bass,<2,Avery,,,,
2/24/23,16,Deep,951,Rosy Blenny,<2,Avery,,,,
2/24/23,16,Deep,952,Rosy Blenny,<2,Avery,,,,
2/24/23,16,Deep,953,Yellowtail Snapper,<2,Avery,,,,
2/24/23,16,Deep,954,Yellowtail Snapper,<2,Avery,,,,
2/24/23,16,Deep,955,Yellowtail Snapper,<2,Avery,,,,
2/24/23,16,Deep,956,Yellowtail Snapper,<2,Avery,,,,
2/24/23,16,Deep,957,Yellowtail Snapper,<2,Avery,,,,
2/24/23,16,Deep,958,unknown,<2,Avery,,,,
2/24/23,16,Deep,959,Lane Snapper,2-3cm,James,,,,
2/24/23,16,Deep,960,Lane Snapper,2-3cm,James,,,,
2/24/23,16,Deep,961,Lane Snapper,2-3cm,James,,,,
2/24/23,16,Deep,962,Lane Snapper,2-3cm,James,,,,
2/24/23,16,Deep,963,Lane Snapper,2-3cm,James,,,,
2/24/23,16,Deep,964,Lane Snapper,2-3cm,James,,,,
2/24/23,16,Deep,965,Lane Snapper,2-3cm,James,,,,
2/24/23,16,Deep,966,Lane Snapper,2-3cm,James,,,,
2/24/23,16,Deep,967,Masked Goby,<2,James,,,,
2/24/23,16,Deep,968,Masked Goby,<2,James,,,,
2/24/23,16,Deep,969,Masked Goby,<2,James,,,,
2/24/23,16,Deep,970,Masked Goby,<2,James,,,,
2/24/23,16,Deep,971,Masked Goby,<2,James,,,,
2/24/23,16,Deep,972,Yellowtail Snapper,2-3cm,James,,,,
2/24/23,16,Deep,973,Yellowtail Snapper,2-3cm,James,,,,
2/24/23,16,Deep,974,Stoplight Parrotfish,2-3cm,James,,,,
2/24/23,16,Deep,975,Rosy Razerfish,3-4cm,James,,,,
2/24/23,16,Intermediate,976,Colon Goby,2-3cm,Karl,,,,
2/24/23,16,Intermediate,977,Slender Filefish,2-3cm,Karl,,,,
2/24/23,16,Intermediate,978,Slender Filefish,2-3cm,Karl,,,,
2/24/23,16,Intermediate,979,Slippery Dick ,<2,Karl,,,,
2/24/23,16,Intermediate,980,Slippery Dick ,2-3cm,Karl,,,,
2/24/23,16,Intermediate,981,Slippery Dick ,2-3cm,Karl,,,,
2/24/23,16,Intermediate,982,Slippery Dick ,2-3cm,Karl,,,,
2/24/23,16,Intermediate,983,Slippery Dick ,2-3cm,Karl,,,,
2/24/23,16,Intermediate,984,Striped Parrotfish,<2,Karl,,,,
2/24/23,16,Intermediate,985,Striped Parrotfish,<2,Karl,,,,
2/24/23,16,Intermediate,986,Striped Parrotfish,<2,Karl,,,,
2/24/23,16,Intermediate,987,Striped Parrotfish,<2,Karl,,,,
2/24/23,16,Intermediate,988,Striped Parrotfish,<2,Karl,,,,
2/24/23,16,Intermediate,989,Striped Parrotfish,2-3cm,Karl,,,,
2/24/23,16,Intermediate,990,Rosy Razerfish,2-3cm,Karl,,,,
2/24/23,16,Intermediate,991,Rosy Razerfish,3-4cm,Karl,,,,
2/24/23,16,Intermediate,992,Rosy Razerfish,3-4cm,Karl,,,,
2/24/23,16,Intermediate,993,Rosy Razerfish,3-4cm,Karl,,,,
2/24/23,16,Intermediate,994,Rosy Razerfish,3-4cm,Karl,,,,
2/24/23,16,Intermediate,995,Rosy Razerfish,3-4cm,Karl,,,,
2/24/23,16,Intermediate,996,Rosy Razerfish,4-5cm,Karl,,,,
2/24/23,16,Intermediate,997,Rosy Razerfish,4-5cm,Karl,,,,
2/24/23,16,Intermediate,998,Rosy Razerfish,4-5cm,Karl,,,,
2/24/23,16,Intermediate,999,Rosy Razerfish,4-5cm,Karl,,,,
2/24/23,16,Intermediate,1000,Rosy Razerfish,4-5cm,Karl,,,,
2/24/23,16,Intermediate,1001,Rosy Razerfish,4-5cm,Karl,,,,
2/24/23,16,Intermediate,1002,Slender Filefish,3-4cm,Stefanie,,,,
2/24/23,16,Intermediate,1003,Slippery Dick ,<2,Stefanie,,,,
2/24/23,16,Intermediate,1004,Slippery Dick ,3-4cm,Stefanie,,,,
2/24/23,16,Intermediate,1005,Slippery Dick ,3-4cm,Stefanie,,,,
2/24/23,16,Intermediate,1006,Slippery Dick ,4-5cm,Stefanie,,,,
2/24/23,16,Intermediate,1007,Slippery Dick ,4-5cm,Stefanie,,,,
2/24/23,16,Intermediate,1008,Slippery Dick ,4-5cm,Stefanie,,,,
2/24/23,16,Intermediate,1009,Slippery Dick ,4-5cm,Stefanie,,,,
2/24/23,16,Intermediate,1010,Slippery Dick ,6-10cm,Stefanie,,,,
2/24/23,16,Intermediate,1011,Slippery Dick ,6-10cm,Stefanie,,,,
2/24/23,16,Intermediate,1012,Slippery Dick ,6-10cm,Stefanie,,,,
2/24/23,16,Intermediate,1013,Slippery Dick ,6-10cm,Stefanie,,,,
2/24/23,16,Intermediate,1014,Slippery Dick ,11-15cm,Stefanie,,,,
2/24/23,16,Intermediate,1015,Striped Parrotfish,4-5cm,Stefanie,,,,
2/24/23,16,Intermediate,1016,Striped Parrotfish,4-5cm,Stefanie,,,,
2/24/23,16,Intermediate,1017,Rosy Razerfish,3-4cm,Stefanie,,,,
2/24/23,16,Intermediate,1018,Rosy Razerfish,3-4cm,Stefanie,,,,
2/24/23,16,Intermediate,1019,Rosy Razerfish,3-4cm,Stefanie,,,,
2/24/23,16,Intermediate,1020,Rosy Razerfish,4-5cm,Stefanie,,,,
2/24/23,16,Intermediate,1021,Rosy Razerfish,4-5cm,Stefanie,,,,
2/24/23,16,Intermediate,1022,Rosy Razerfish,6-10cm,Stefanie,,,,
2/24/23,16,Intermediate,1023,Rosy Razerfish,11-15cm,Stefanie,,,,
2/24/23,16,Intermediate,1024,Rosy Razerfish,11-15cm,Stefanie,,,,
2/24/23,16,Intermediate,1025,Rosy Razerfish,11-15cm,Stefanie,,,,
2/24/23,16,Intermediate,1026,Rosy Razerfish,11-15cm,Stefanie,,,,
2/24/23,16,Intermediate,1027,Rosy Razerfish,11-15cm,Stefanie,,,,
2/24/23,16,Intermediate,1028,Rosy Razerfish,16-20cm,Stefanie,,,,
2/24/23,17,Intermediate,1029,Colon Goby,2-3cm,Karl,,,,
2/24/23,17,Intermediate,1030,Colon Goby,2-3cm,Karl,,,,
2/24/23,17,Intermediate,1031,Colon Goby,2-3cm,Karl,,,,
2/24/23,17,Intermediate,1032,Colon Goby,2-3cm,Karl,,,,
2/24/23,17,Intermediate,1033,Slippery Dick ,4-5cm,Karl,,,,
2/24/23,17,Intermediate,1034,Striped Parrotfish,<2,Karl,,,,
2/24/23,17,Intermediate,1035,Striped Parrotfish,<2,Karl,,,,
2/24/23,17,Intermediate,1036,Striped Parrotfish,<2,Karl,,,,
2/24/23,17,Intermediate,1037,Striped Parrotfish,<2,Karl,,,,
2/24/23,17,Intermediate,1038,Yellowtail Snapper,2-3cm,Karl,,,,
2/24/23,17,Intermediate,1039,unknown,<2,Karl,,,,
2/24/23,17,Intermediate,1040,Bridled Goby,<2,Stefanie,,,,
2/24/23,17,Intermediate,1041,Bridled Goby,<2,Stefanie,,,,
2/24/23,17,Intermediate,1042,Bridled Goby,<2,Stefanie,,,,
2/24/23,17,Intermediate,1043,Bridled Goby,4-5cm,Stefanie,,,,
2/24/23,17,Intermediate,1044,Bridled Goby,4-5cm,Stefanie,,,,
2/24/23,17,Intermediate,1045,Colon Goby,3-4cm,Stefanie,,,,
2/24/23,17,Intermediate,1046,Colon Goby,3-4cm,Stefanie,,,,
2/24/23,17,Intermediate,1047,Greenblotch Parrotfish,<2,Stefanie,,,,
2/24/23,17,Intermediate,1048,Greenblotch Parrotfish,<2,Stefanie,,,,
2/24/23,17,Intermediate,1049,Greenblotch Parrotfish,<2,Stefanie,,,,
2/24/23,17,Intermediate,1050,Greenblotch Parrotfish,<2,Stefanie,,,,
2/24/23,17,Intermediate,1051,Greenblotch Parrotfish,2-3cm,Stefanie,,,,
2/24/23,17,Intermediate,1052,Greenblotch Parrotfish,2-3cm,Stefanie,,,,
2/24/23,17,Intermediate,1053,Greenblotch Parrotfish,2-3cm,Stefanie,,,,
2/24/23,17,Intermediate,1054,Greenblotch Parrotfish,3-4cm,Stefanie,,,,
2/24/23,17,Intermediate,1055,Greenblotch Parrotfish,3-4cm,Stefanie,,,,
2/24/23,17,Intermediate,1056,Greenblotch Parrotfish,4-5cm,Stefanie,,,,
2/24/23,17,Intermediate,1057,Slender Filefish,<2,Stefanie,,,,
2/24/23,17,Intermediate,1058,Slender Filefish,2-3cm,Stefanie,,,,
2/24/23,17,Intermediate,1059,Slippery Dick ,<2,Stefanie,,,,
2/24/23,17,Intermediate,1060,Slippery Dick ,6-10cm,Stefanie,,,,
2/24/23,17,Intermediate,1061,Striped Parrotfish,<2,Stefanie,,,,
2/24/23,17,Intermediate,1062,Striped Parrotfish,2-3cm,Stefanie,,,,
2/24/23,16,Shallow,1063,Colon Goby,<2,Karl,,,,
2/24/23,16,Shallow,1064,Rosy Razerfish,2-3cm,Karl,,,,
2/24/23,16,Shallow,1065,Rosy Razerfish,2-3cm,Karl,,,,
2/24/23,16,Shallow,1066,Rosy Razerfish,3-4cm,Karl,,,,
2/24/23,16,Shallow,1067,Rosy Razerfish,3-4cm,Karl,,,,
2/24/23,16,Shallow,1068,Rosy Razerfish,3-4cm,Karl,,,,
2/24/23,16,Shallow,1069,Rosy Razerfish,4-5cm,Karl,,,,
2/24/23,16,Shallow,1070,Rosy Razerfish,4-5cm,Karl,,,,
2/24/23,16,Shallow,1071,Rosy Razerfish,4-5cm,Karl,,,,
2/24/23,16,Shallow,1072,Rosy Razerfish,4-5cm,Karl,,,,
2/24/23,16,Shallow,1073,Rosy Razerfish,4-5cm,Karl,,,,
2/24/23,16,Shallow,1074,Rosy Razerfish,4-5cm,Karl,,,,
2/24/23,16,Shallow,1075,Rosy Razerfish,4-5cm,Karl,,,,
2/24/23,16,Shallow,1076,Rosy Razerfish,4-5cm,Karl,,,,
2/24/23,16,Shallow,1077,Rosy Razerfish,4-5cm,Karl,,,,
2/24/23,16,Shallow,1078,Rosy Razerfish,4-5cm,Karl,,,,
2/24/23,16,Shallow,1079,Rosy Razerfish,6-10cm,Karl,,,,
2/24/23,16,Shallow,1080,Rosy Razerfish,6-10cm,Karl,,,,
2/24/23,16,Shallow,1081,Rosy Razerfish,6-10cm,Karl,,,,
2/24/23,16,Shallow,1082,Green Razorfish,3-4cm,Stefanie,,,,
2/24/23,16,Shallow,1083,Green Razorfish,3-4cm,Stefanie,,,,
2/24/23,16,Shallow,1084,Green Razorfish,4-5cm,Stefanie,,,,
2/24/23,16,Shallow,1085,Green Razorfish,4-5cm,Stefanie,,,,
2/24/23,16,Shallow,1086,Green Razorfish,4-5cm,Stefanie,,,,
2/24/23,16,Shallow,1087,Green Razorfish,4-5cm,Stefanie,,,,
2/24/23,16,Shallow,1088,Green Razorfish,4-5cm,Stefanie,,,,
2/24/23,16,Shallow,1089,Green Razorfish,4-5cm,Stefanie,,,,
2/24/23,16,Shallow,1090,Green Razorfish,4-5cm,Stefanie,,,,
2/24/23,16,Shallow,1091,Green Razorfish,6-10cm,Stefanie,,,,
2/24/23,16,Shallow,1092,Green Razorfish,6-10cm,Stefanie,,,,
2/24/23,16,Shallow,1093,Green Razorfish,6-10cm,Stefanie,,,,
2/24/23,16,Shallow,1094,Green Razorfish,6-10cm,Stefanie,,,,
2/24/23,16,Shallow,1095,Green Razorfish,6-10cm,Stefanie,,,,
2/24/23,16,Shallow,1096,Green Razorfish,6-10cm,Stefanie,,,,
2/24/23,16,Shallow,1097,Green Razorfish,6-10cm,Stefanie,,,,
2/24/23,16,Shallow,1098,Rosy Razerfish,3-4cm,Stefanie,,,,
2/24/23,16,Shallow,1099,Rosy Razerfish,3-4cm,Stefanie,,,,
2/24/23,16,Shallow,1100,Rosy Razerfish,4-5cm,Stefanie,,,,
2/24/23,16,Shallow,1101,Rosy Razerfish,4-5cm,Stefanie,,,,
2/24/23,16,Shallow,1102,Rosy Razerfish,4-5cm,Stefanie,,,,
2/24/23,17,Deep,1103,Rosy Blenny,<2,Avery,,,,
2/24/23,17,Deep,1104,Rosy Blenny,<2,Avery,,,,
2/24/23,17,Deep,1105,Rosy Blenny,<2,Avery,,,,
2/24/23,17,Deep,1106,Masked Goby,<2,Avery,,,,
2/24/23,17,Deep,1107,Yellowtail Snapper,<2,Avery,,,,
2/24/23,17,Deep,1108,Yellowtail Snapper,<2,Avery,,,,
2/24/23,17,Deep,1109,Lane Snapper,<2,James,,,,
2/24/23,17,Deep,1110,Lane Snapper,<2,James,,,,
2/24/23,17,Deep,1111,Slippery Dick ,<2,James,,,,
2/24/23,17,Deep,1112,Masked Goby,3-4cm,James,,,,
2/16/23,6,Deep,1113,Bridled Goby,<2,James,,,,
2/16/23,6,Deep,1114,Bridled Goby,<2,James,,,,
2/16/23,6,Deep,1115,Colon Goby,<2,James,,,,
2/16/23,6,Deep,1116,Colon Goby,<2,James,,,,
2/16/23,6,Deep,1117,Dwarf Sand Perch,2-3cm,James,,,,
2/16/23,6,Deep,1118,Dwarf Sand Perch,2-3cm,James,,,,
2/16/23,6,Deep,1119,Dwarf Sand Perch,3-4cm,James,,,,
2/16/23,6,Deep,1120,Dwarf Sand Perch,6-10cm,James,,,,
2/16/23,6,Deep,1121,Colon Goby,<2,Avery,snappers and grunts in water column ,,,
2/16/23,6,Deep,1122,Colon Goby,<2,Avery,,,,
2/16/23,6,Deep,1123,Colon Goby,<2,Avery,,,,
2/16/23,6,Deep,1124,Colon Goby,<2,Avery,,,,
2/16/23,7,Deep,1125,Big Eyed Scad,<2,Greg,,,,
2/16/23,7,Deep,1126,Striped Parrotfish,3-4cm,Greg,,,,
2/16/23,7,Deep,1127,Yellowtail Snapper,<2,Greg,,,,
2/16/23,7,Deep,1128,Yellowtail Snapper,<2,Greg,,,,
2/16/23,7,Deep,1129,Yellowtail Snapper,2-3cm,Greg,,,,
2/16/23,7,Deep,1130,Yellowtail Snapper,2-3cm,Greg,,,,
2/16/23,7,Deep,1131,Yellowtail Snapper,3-4cm,Greg,,,,
2/16/23,7,Deep,1132,Blue Runner,,Greg,"Tallied twice in 21-100cm bin, don't know length",,,
2/16/23,7,Deep,1133,Blue Runner,,Greg,,,,
2/16/23,7,Deep,1134,Chalk Bass,<2,Darian,,,,
2/16/23,7,Deep,1135,Chalk Bass,3-4cm,Darian,,,,
2/16/23,7,Deep,1136,Masked Goby,2-3cm,Darian,,,,
2/16/23,7,Deep,1137,Masked Goby,2-3cm,Darian,,,,
2/16/23,7,Deep,1138,Masked Goby,2-3cm,Darian,,,,
2/16/23,7,Deep,1139,Masked Goby,2-3cm,Darian,,,,
2/16/23,7,Deep,1140,Rosy Blenny,2-3cm,Darian,,,,
2/16/23,7,Deep,1141,Rosy Blenny,2-3cm,Darian,,,,
2/16/23,7,Deep,1142,Slender Filefish,2-3cm,Darian,,,,
2/16/23,7,Deep,1143,Slender Filefish,3-4cm,Darian,,,,
2/18/23,9,Deep,1144,Bridled Goby,2-3cm,James,,,,
2/18/23,9,Deep,1145,Colon Goby,2-3cm,James,,,,
2/18/23,9,Deep,1146,Colon Goby,2-3cm,James,,,,
2/18/23,9,Deep,1147,Dwarf Sand Perch,3-4cm,James,,,,
2/18/23,9,Deep,1148,Sharpnose Puffer,3-4cm,James,,,,
2/18/23,9,Deep,1149,Tobacco Fish,3-4cm,James,,,,
2/18/23,9,Deep,1150,Tobacco Fish,3-4cm,James,,,,
2/18/23,9,Deep,1151,Tobacco Fish,6-10cm,James,,,,
2/18/23,9,Deep,1152,Tobacco Fish,6-10cm,James,,,,
2/18/23,9,Deep,1153,Rosy Blenny,2-3cm,Darian,,,,
2/18/23,9,Deep,1154,Rosy Blenny,2-3cm,Darian,,,,
2/18/23,9,Deep,1155,Rosy Blenny,2-3cm,Darian,,,,
2/18/23,10,Deep,1156,Bridled Goby,<2,Sabrina,,,,
2/18/23,10,Deep,1157,Bridled Goby,<2,Sabrina,,,,
2/18/23,10,Deep,1158,Bridled Goby,2-3cm,Sabrina,,,,
2/18/23,10,Deep,1159,Bridled Goby,2-3cm,Sabrina,,,,
2/18/23,10,Deep,1160,Bridled Goby,2-3cm,Sabrina,,,,
2/18/23,10,Deep,1161,Bridled Goby,2-3cm,Sabrina,,,,
2/18/23,10,Deep,1162,Bridled Goby,2-3cm,Sabrina,,,,
2/18/23,10,Deep,1163,Bridled Goby,3-4cm,Sabrina,,,,
2/18/23,10,Deep,1164,Bridled Goby,3-4cm,Sabrina,,,,
2/18/23,10,Deep,1165,Bridled Goby,3-4cm,Sabrina,,,,
2/18/23,10,Deep,1166,unknown goby,<2,Sabrina,Unknown goby,,,
2/18/23,10,Deep,1167,unknown goby,<2,Sabrina,Unknown goby,,,
2/18/23,10,Deep,1168,unknown goby,2-3cm,Sabrina,Unknown goby,,,
2/18/23,10,Deep,1169,unknown blenny,<2,Sabrina,Unknown Blenny,,,
2/18/23,10,Deep,1170,unknown blenny,<2,Sabrina,Unknown Blenny,,,
2/18/23,10,Deep,1171,unknown blenny,<2,Sabrina,Unknown Blenny,,,
2/18/23,10,Deep,1172,unknown blenny,<2,Sabrina,Unknown Blenny,,,
2/18/23,10,Deep,1173,unknown blenny,<2,Sabrina,Unknown Blenny,,,
2/18/23,10,Deep,1174,unknown blenny,<2,Sabrina,Unknown Blenny,,,
2/18/23,10,Deep,1175,unknown blenny,<2,Sabrina,Unknown Blenny,,,
2/18/23,10,Deep,1176,Bridled Goby,<2,Stefanie,,,,
2/18/23,10,Deep,1177,Bridled Goby,<2,Stefanie,,,,
2/18/23,10,Deep,1178,Bridled Goby,2-3cm,Stefanie,,,,
2/18/23,10,Deep,1179,Slippery Dick ,4-5cm,Stefanie,,,,
2/18/23,11,Deep,1180,Rosy Blenny,<2,Avery,,,,
2/18/23,11,Deep,1181,Rosy Blenny,<2,Avery,,,,
2/18/23,11,Deep,1182,Rosy Blenny,<2,Avery,,,,
2/18/23,11,Deep,1183,Rosy Blenny,<2,Avery,,,,
2/18/23,11,Deep,1184,Rosy Blenny,<2,Avery,,,,
2/18/23,11,Deep,1185,Rosy Blenny,<2,Avery,,,,
2/18/23,11,Deep,1186,Tobacco Fish,<2,Avery,,,,
2/18/23,11,Deep,1187,Tobacco Fish,<2,Avery,,,,
2/18/23,11,Deep,1188,Yellowtail Snapper,<2,Avery,,,,
2/18/23,11,Deep,1189,Yellowtail Snapper,<2,Avery,,,,
2/18/23,11,Deep,1190,Yellowtail Snapper,<2,Avery,,,,
2/18/23,11,Deep,1191,Yellowtail Snapper,<2,Avery,,,,
2/18/23,11,Deep,1192,Yellowtail Snapper,<2,Avery,,,,
2/18/23,11,Deep,1193,Yellowtail Snapper,<2,Avery,,,,
2/18/23,11,Deep,1194,Yellowtail Snapper,<2,Avery,,,,
2/18/23,11,Deep,1195,Sea Robin,<2,Avery,,,,
2/18/23,11,Deep,1196,Bucktooth Parrotfish,2-3cm,Greg,,,,
2/18/23,11,Deep,1197,Colon Goby,3-4cm,Greg,,,,
2/18/23,11,Deep,1198,Dwarf Sand Perch,<2,Greg,,,,
2/18/23,11,Deep,1199,Dwarf Sand Perch,2-3cm,Greg,,,,
2/18/23,11,Deep,1200,Dwarf Sand Perch,2-3cm,Greg,,,,
2/18/23,11,Deep,1201,Dwarf Sand Perch,3-4cm,Greg,,,,
2/18/23,11,Deep,1202,Yellowtail Snapper,<2,Greg,,,,
2/18/23,11,Deep,1203,Yellowtail Snapper,<2,Greg,,,,
2/18/23,11,Deep,1204,Yellowtail Snapper,2-3cm,Greg,,,,
2/18/23,11,Deep,1205,Yellowtail Snapper,2-3cm,Greg,,,,
2/18/23,11,Deep,1206,Yellowtail Snapper,2-3cm,Greg,,,,
2/18/23,11,Deep,1207,Yellowtail Snapper,2-3cm,Greg,,,,
2/18/23,11,Deep,1208,Yellowtail Snapper,2-3cm,Greg,,,,
2/18/23,11,Deep,1209,Yellowtail Snapper,2-3cm,Greg,,,,
2/18/23,11,Deep,1210,Yellowtail Snapper,2-3cm,Greg,,,,
2/18/23,11,Deep,1211,Yellowtail Snapper,3-4cm,Greg,,,,
2/18/23,11,Deep,1212,Yellowtail Snapper,3-4cm,Greg,,,,
2/18/23,11,Deep,1213,Chalk Bass,2-3cm,Greg,,,,
2/18/23,11,Deep,1214,Rosy Razerfish,<2,Greg,,,,
2/18/23,12,Deep,1215,Bridled Goby,3-4cm,Greg,,,,
2/18/23,12,Deep,1216,Cocoa Damselfish,6-10cm,Greg,,,,
2/18/23,12,Deep,1217,Cocoa Damselfish,6-10cm,Greg,,,,
2/18/23,12,Deep,1218,Masked Goby,<2,Greg,,,,
2/18/23,12,Deep,1219,Slender Filefish,2-3cm,Greg,,,,
2/18/23,12,Deep,1220,Yellowtail Snapper,<2,Greg,,,,
2/18/23,12,Deep,1221,Yellowtail Snapper,<2,Greg,,,,
2/18/23,12,Deep,1222,Yellowtail Snapper,2-3cm,Greg,,,,
2/18/23,12,Deep,1223,Yellowtail Snapper,2-3cm,Greg,,,,
2/18/23,12,Deep,1224,Yellowtail Snapper,2-3cm,Greg,,,,
2/18/23,12,Deep,1225,Yellowtail Snapper,2-3cm,Greg,,,,
2/18/23,12,Deep,1226,Yellowtail Snapper,2-3cm,Greg,,,,
2/18/23,12,Deep,1227,Barred Hamlet,6-10cm,Greg,,,,
2/18/23,12,Deep,1228,Chalk Bass,<2,Greg,,,,
2/18/23,12,Deep,1229,Chalk Bass,3-4cm,Greg,,,,
2/18/23,12,Deep,1230,Chalk Bass,3-4cm,Greg,,,,
2/18/23,12,Deep,1231,Chalk Bass,3-4cm,Greg,,,,
2/18/23,12,Deep,1232,Chalk Bass,3-4cm,Greg,,,,
2/18/23,12,Deep,1233,Chalk Bass,4-5cm,Greg,,,,
2/18/23,12,Deep,1234,Chalk Bass,4-5cm,Greg,,,,
2/18/23,12,Deep,1235,Chalk Bass,4-5cm,Greg,,,,
2/18/23,12,Deep,1236,Beaugregory Damselfish,<2,Avery,,,,
2/18/23,12,Deep,1237,Colon Goby,<2,Avery,,,,
2/18/23,12,Deep,1238,Rosy Blenny,<2,Avery,,,,
2/18/23,12,Deep,1239,Rosy Blenny,<2,Avery,,,,
2/18/23,12,Deep,1240,Rosy Blenny,<2,Avery,,,,
2/18/23,12,Deep,1241,Rosy Blenny,<2,Avery,,,,
2/18/23,12,Deep,1242,Rosy Blenny,<2,Avery,,,,
2/18/23,12,Deep,1243,Rosy Blenny,2-3cm,Avery,,,,
2/18/23,12,Deep,1244,Yellowtail Snapper,<2,Avery,,,,
2/18/23,12,Deep,1245,Yellowtail Snapper,<2,Avery,,,,
2/18/23,12,Deep,1246,Yellowtail Snapper,<2,Avery,,,,
2/18/23,12,Deep,1247,Yellowtail Snapper,<2,Avery,,,,
2/18/23,12,Deep,1248,Yellowtail Snapper,<2,Avery,,,,
2/18/23,12,Deep,1249,Yellowtail Snapper,<2,Avery,,,,
2/18/23,12,Deep,1250,Slender Filefish,<2,Avery,Just said filefish ,,,
2/21/23,13,Deep,1251,Bridled Goby,2-3cm,Greg,,,,
2/21/23,13,Deep,1252,Chalk Bass,2-3cm,Greg,,,,
2/21/23,13,Deep,1253,Chalk Bass,2-3cm,Greg,,,,
2/21/23,13,Deep,1254,Chalk Bass,3-4cm,Greg,,,,
2/21/23,13,Deep,1255,Chalk Bass,3-4cm,Greg,,,,
2/21/23,13,Deep,1256,Chalk Bass,3-4cm,Greg,,,,
2/21/23,13,Deep,1257,Chalk Bass,11-15cm,Greg,,,,
2/21/23,13,Deep,1258,Lane Snapper,<2,Greg,,,,
2/21/23,13,Deep,1259,Lane Snapper,<2,Greg,,,,
2/21/23,13,Deep,1260,Lane Snapper,2-3cm,Greg,,,,
2/21/23,13,Deep,1261,Yellowtail Snapper,<2,Greg,,,,
2/21/23,13,Deep,1262,Yellowtail Snapper,<2,Greg,,,,
2/21/23,13,Deep,1263,Yellowtail Snapper,<2,Greg,,,,
2/21/23,13,Deep,1264,Yellowtail Snapper,<2,Greg,,,,
2/21/23,13,Deep,1265,Yellowtail Snapper,<2,Greg,,,,
2/21/23,13,Deep,1266,Yellowtail Snapper,2-3cm,Greg,,,,
2/21/23,13,Deep,1267,Yellowtail Snapper,2-3cm,Greg,,,,
2/21/23,13,Deep,1268,Yellowtail Snapper,2-3cm,Greg,,,,
2/21/23,13,Deep,1269,Yellowtail Snapper,4-5cm,Greg,,,,
2/21/23,13,Deep,1270,Barred Hamlet,3-4cm,Greg,,,,
2/21/23,13,Deep,1271,Barred Hamlet,6-10cm,Greg,,,,
2/21/23,13,Deep,1272,Doctor Fish,3-4cm,Greg,Just said Doctor Fish,,,
2/21/23,13,Deep,1273,Bridled Goby,2-3cm,James,,,,
2/21/23,13,Deep,1274,Chalk Bass,2-3cm,James,,,,
2/21/23,13,Deep,1275,Chalk Bass,3-4cm,James,,,,
2/21/23,13,Deep,1276,Chalk Bass,4-5cm,James,,,,
2/21/23,13,Deep,1277,Chalk Bass,4-5cm,James,,,,
2/21/23,13,Deep,1278,Lane Snapper,2-3cm,James,,,,
2/21/23,13,Deep,1279,Lane Snapper,3-4cm,James,,,,
2/21/23,13,Deep,1280,Lane Snapper,4-5cm,James,,,,
2/21/23,13,Deep,1281,Masked Goby,<2,James,,,,
2/21/23,13,Deep,1282,Masked Goby,<2,James,,,,
2/21/23,13,Deep,1283,Yellowtail Snapper,2-3cm,James,,,,
2/21/23,13,Deep,1284,Yellowtail Snapper,3-4cm,James,,,,
2/21/23,13,Deep,1285,Cubera Snapper ,100,James,"21-100cm class bin, no specific size listed",,,
2/21/23,13,Deep,1286,Slender Filefish,<2,James,"Just said ""filefish juvenile"" ",,,
2/21/23,13,Deep,1287,Barred Hamlet,2-3cm,James,,,,
2/21/23,13,Deep,1288,Barred Hamlet,3-4cm,James,,,,
2/21/23,13,Deep,1289,Barred Hamlet,3-4cm,James,,,,
2/21/23,13,Deep,1290,Ocean Surgeonfish,2-3cm,James,"just said ""surgeon fish""",,,
2/21/23,14,Deep,1291,Colon Goby,3-4cm,James,,,,
2/21/23,14,Deep,1292,Hamlet Species,<2,James,,,,
2/21/23,14,Deep,1293,Hamlet Species,<2,James,,,,
2/21/23,14,Deep,1294,Hamlet Species,<2,James,,,,
2/21/23,14,Deep,1295,Hamlet Species,<2,James,,,,
2/21/23,14,Deep,1296,Hamlet Species,<2,James,,,,
2/21/23,14,Deep,1297,Hamlet Species,3-4cm,James,,,,
2/21/23,14,Deep,1298,Masked Goby,<2,James,,,,
2/21/23,14,Deep,1299,Blue Runner,16-20cm,Greg,School,,,
2/21/23,14,Deep,1300,Bucktooth Parrotfish,4-5cm,Greg,,,,
2/21/23,14,Deep,1301,Chalk Bass,2-3cm,Greg,,,,
2/21/23,14,Deep,1302,Chalk Bass,3-4cm,Greg,,,,
2/21/23,14,Deep,1303,Chalk Bass,3-4cm,Greg,,,,
2/21/23,14,Deep,1304,Slender Filefish,<2,Greg,,,,
2/21/23,14,Deep,1305,Yellowtail Snapper,<2,Greg,,,,
2/21/23,14,Deep,1306,Yellowtail Snapper,<2,Greg,,,,
2/21/23,14,Deep,1307,Yellowtail Snapper,<2,Greg,,,,
2/21/23,14,Deep,1308,Yellowtail Snapper,<2,Greg,,,,
2/21/23,14,Deep,1309,Yellowtail Snapper,<2,Greg,,,,
2/21/23,14,Deep,1310,Yellowtail Snapper,<2,Greg,,,,
2/21/23,14,Deep,1311,Yellowtail Snapper,<2,Greg,,,,
2/21/23,14,Deep,1312,Yellowtail Snapper,<2,Greg,,,,
2/21/23,14,Deep,1313,Yellowtail Snapper,2-3cm,Greg,,,,
2/21/23,14,Deep,1314,Yellowtail Snapper,2-3cm,Greg,,,,
2/21/23,14,Deep,1315,Yellowtail Snapper,2-3cm,Greg,,,,
2/21/23,14,Deep,1316,Yellowtail Snapper,2-3cm,Greg,,,,
2/21/23,14,Deep,1317,Yellowtail Snapper,2-3cm,Greg,,,,
2/21/23,13,Shallow,1318,Beaugregory Damselfish,3-4cm,Madi,,,,
2/21/23,13,Shallow,1319,Beaugregory Damselfish,4-5cm,Madi,,,,
2/21/23,13,Shallow,1320,Beaugregory Damselfish,4-5cm,Madi ,,,,
2/21/23,13,Shallow,1321,Beaugregory Damselfish,4-5cm,Madi,,,,
2/21/23,13,Shallow,1322,Bluelip Parrotfish,6-10cm,Madi,,,,
2/21/23,13,Shallow,1323,Bluelip Parrotfish,6-10cm,Madi,,,,
2/21/23,13,Shallow,1324,Hamlet Species,6-10cm,Madi,,,,
2/21/23,13,Shallow,1325,Slippery Dick ,2-3cm,Madi,,,,
2/21/23,13,Shallow,1326,Slippery Dick ,2-3cm,Madi,,,,
2/21/23,13,Shallow,1327,Slippery Dick ,2-3cm,Madi,,,,
2/21/23,13,Shallow,1328,Slippery Dick ,2-3cm,Madi,,,,
2/21/23,13,Shallow,1329,Slippery Dick ,2-3cm,Madi,,,,
2/21/23,13,Shallow,1330,Slippery Dick ,2-3cm,Madi,,,,
2/21/23,13,Shallow,1331,Slippery Dick ,2-3cm,Madi,,,,
2/21/23,13,Shallow,1332,Slippery Dick ,2-3cm,Madi,,,,
2/21/23,13,Shallow,1333,Slippery Dick ,2-3cm,Madi,,,,
2/21/23,13,Shallow,1334,Slippery Dick ,3-4cm,Madi,,,,
2/21/23,13,Shallow,1335,Slippery Dick ,3-4cm,Madi,,,,
2/21/23,13,Shallow,1336,Slippery Dick ,3-4cm,Madi,,,,
2/21/23,13,Shallow,1337,Slippery Dick ,3-4cm,Madi,,,,
2/21/23,13,Shallow,1338,Slippery Dick ,3-4cm,Madi,,,,
2/21/23,13,Shallow,1339,Slippery Dick ,11-15cm,Madi,,,,
2/21/23,13,Shallow,1340,Slippery Dick ,11-15cm,Madi,,,,
2/21/23,13,Shallow,1341,Slippery Dick ,11-15cm,Madi,,,,
2/21/23,13,Shallow,1342,Striped Parrotfish,2-3cm,Madi,,,,
2/21/23,13,Shallow,1343,Striped Parrotfish,3-4cm,Madi,,,,
2/21/23,13,Shallow,1344,Striped Parrotfish,3-4cm,Madi,,,,
2/21/23,13,Shallow,1345,Striped Parrotfish,3-4cm,Madi,,,,
2/21/23,13,Shallow,1346,Striped Parrotfish,6-10cm,Madi,,,,
2/21/23,13,Shallow,1347,Striped Parrotfish,6-10cm,Madi,,,,
2/21/23,13,Shallow,1348,Striped Parrotfish,6-10cm,Jordan ,,,,
2/21/23,13,Shallow,1349,Beaugregory Damselfish,3-4cm,Jordan ,,,,
2/21/23,13,Shallow,1350,Beaugregory Damselfish,3-4cm,Jordan ,,,,
2/21/23,13,Shallow,1351,Beaugregory Damselfish,3-4cm,Jordan ,,,,
2/21/23,13,Shallow,1352,Beaugregory Damselfish,4-5cm,Jordan ,,,,
2/21/23,13,Shallow,1353,Dwarf Sand Perch,<2,Jordan ,,,,
2/21/23,13,Shallow,1354,Dwarf Sand Perch,2-3cm,Jordan ,,,,
2/21/23,13,Shallow,1355,Dwarf Sand Perch,2-3cm,Jordan ,,,,
2/21/23,13,Shallow,1356,Slippery Dick ,2-3cm,Jordan ,,,,
2/21/23,13,Shallow,1357,Slippery Dick ,2-3cm,Jordan ,,,,
2/21/23,13,Shallow,1358,Slippery Dick ,2-3cm,Jordan ,,,,
2/21/23,13,Shallow,1359,Slippery Dick ,2-3cm,Jordan ,,,,
2/21/23,13,Shallow,1360,Slippery Dick ,2-3cm,Jordan ,,,,
2/21/23,13,Shallow,1361,Slippery Dick ,2-3cm,Jordan ,,,,
2/21/23,13,Shallow,1362,Slippery Dick ,2-3cm,Jordan ,,,,
2/21/23,13,Shallow,1363,Slippery Dick ,2-3cm,Jordan ,,,,
2/21/23,13,Shallow,1364,Slippery Dick ,2-3cm,Jordan ,,,,
2/21/23,13,Shallow,1365,Slippery Dick ,2-3cm,Jordan ,,,,
2/21/23,13,Shallow,1366,Slippery Dick ,2-3cm,Jordan ,,,,
2/21/23,13,Shallow,1367,Slippery Dick ,3-4cm,Jordan ,,,,
2/21/23,13,Shallow,1368,Bicolor Damselfish,2-3cm,Jordan ,,,,
2/21/23,13,Shallow,1369,Bluehead Wrasse,2-3cm,Jordan ,Bluehead wrasse ,,,
2/21/23,13,Shallow,1370,Bluehead Wrasse,2-3cm,Jordan ,Bluehead wrasse ,,,
2/21/23,13,Shallow,1371,Bluehead Wrasse,2-3cm,Jordan ,Bluehead wrasse ,,,
2/21/23,12,Shallow,1372,,,Jordan ,no fish observed ,,,
2/21/23,12,Shallow,1373,Colon Goby,<2,Madi,,,,
2/21/23,12,Shallow,1374,Masked Goby,2-3cm,Madi,,,,
2/21/23,12,Shallow,1375,Masked Goby,3-4cm,Madi,,,,
2/18/23,11,Shallow,1376,Green Razorfish,2-3cm,Kianna,,,,
2/18/23,11,Shallow,1377,Green Razorfish,3-4cm,Kianna,,,,
2/18/23,11,Shallow,1378,Green Razorfish,4-5cm,Kianna,,,,
2/18/23,11,Shallow,1379,Green Razorfish,4-5cm,Kianna,,,,
2/18/23,11,Shallow,1380,unknown Flounder,<2,Kianna,Flounder ,,,
2/18/23,11,Shallow,1381,unknown Flounder,2-3cm,Kianna,Flounder ,,,
2/18/23,11,Shallow,1382,Rosy Blenny,3-4cm,Natalie,,,,
2/18/23,11,Shallow,1383,Green Razorfish,4-5cm,Natalie,,,,
2/18/23,10,Shallow,1384,Beaugregory Damselfish,2-3cm,Kianna,,,,
2/18/23,10,Shallow,1385,Beaugregory Damselfish,2-3cm,Kianna,,,,
2/18/23,10,Shallow,1386,Slippery Dick ,<2,Kianna,,,,
2/18/23,10,Shallow,1387,Slippery Dick ,<2,Kianna,,,,
2/18/23,10,Shallow,1388,Slippery Dick ,<2,Kianna,,,,
2/18/23,10,Shallow,1389,Slippery Dick ,2-3cm,Kianna,,,,
2/18/23,10,Shallow,1390,Slippery Dick ,3-4cm,Kianna,,,,
2/18/23,10,Shallow,1391,Slippery Dick ,3-4cm,Kianna,,,,
2/18/23,10,Shallow,1392,Bicolor Damselfish,2-3cm,Kianna,,,,
2/18/23,10,Shallow,1393,Bicolor Damselfish,2-3cm,Kianna,,,,
2/18/23,10,Shallow,1394,Bicolor Damselfish,3-4cm,Kianna,,,,
2/18/23,10,Shallow,1395,Black Bar Solider,4-5cm,Kianna,"hard to read handwriting, can't tell what fish is",,,
2/18/23,10,Shallow,1396,Blue Tang,2-3cm,Kianna,juvenile blue tang ,,,
2/16/23,7,Shallow,1398,Beaugregory Damselfish,<2,Stef,,,,
2/16/23,7,Shallow,1399,Beaugregory Damselfish,3-4cm,Stef,,,,
2/16/23,7,Shallow,1400,Beaugregory Damselfish,3-4cm,Stef,,,,
2/16/23,7,Shallow,1401,Beaugregory Damselfish,4-5cm,Stef,,,,
2/16/23,7,Shallow,1402,Beaugregory Damselfish,4-5cm,Stef,,,,
2/16/23,7,Shallow,1403,Bridled Goby,2-3cm,Stef,,,,
2/16/23,7,Shallow,1404,Bridled Goby,6-10cm,Stef,,,,
2/16/23,7,Shallow,1405,Bridled Goby,11-15cm,Stef,,,,
2/16/23,7,Shallow,1406,Bridled Goby,11-15cm,Stef,,,,
2/16/23,7,Shallow,1407,Chalk Bass,3-4cm,Stef,,,,
2/16/23,7,Shallow,1408,Masked Goby,4-5cm,Stef,,,,
2/16/23,7,Shallow,1409,Slippery Dick ,<2,Stef,,,,
2/16/23,7,Shallow,1410,Slippery Dick ,<2,Stef,,,,
2/16/23,7,Shallow,1411,Slippery Dick ,<2,Stef,,,,
2/16/23,7,Shallow,1412,Slippery Dick ,<2,Stef,,,,
2/16/23,7,Shallow,1413,Slippery Dick ,<2,Stef,,,,
2/16/23,7,Shallow,1414,Slippery Dick ,3-4cm,Stef,,,,
2/16/23,7,Shallow,1415,Slippery Dick ,3-4cm,Stef,,,,
2/16/23,7,Shallow,1416,Slippery Dick ,3-4cm,Stef,,,,
2/16/23,7,Shallow,1417,Slippery Dick ,3-4cm,Stef,,,,
2/16/23,7,Shallow,1418,Slippery Dick ,3-4cm,Stef,,,,
2/16/23,7,Shallow,1419,Slippery Dick ,4-5cm,Stef,,,,
2/16/23,7,Shallow,1420,Slippery Dick ,4-5cm,Stef,,,,
2/16/23,7,Shallow,1421,Slippery Dick ,6-10cm,Stef,,,,
2/16/23,7,Shallow,1422,Slippery Dick ,6-10cm,Stef,,,,
2/16/23,7,Shallow,1423,Slippery Dick ,6-10cm,Stef,,,,
2/16/23,7,Shallow,1424,Slippery Dick ,6-10cm,Stef,,,,
2/16/23,7,Shallow,1425,Slippery Dick ,6-10cm,Stef,,,,
2/16/23,7,Shallow,1426,Slippery Dick ,6-10cm,Stef,,,,
2/16/23,7,Shallow,1427,Slippery Dick ,6-10cm,Stef,,,,
2/16/23,7,Shallow,1428,Slippery Dick ,6-10cm,Stef,,,,
2/16/23,7,Shallow,1429,Slippery Dick ,6-10cm,Stef,,,,
2/16/23,7,Shallow,1430,Slippery Dick ,6-10cm,Stef,,,,
2/16/23,7,Shallow,1431,Slippery Dick ,11-15cm,Stef,,,,
2/16/23,7,Shallow,1432,Slippery Dick ,11-15cm,Stef,,,,
2/16/23,7,Shallow,1433,Slippery Dick ,11-15cm,Stef,,,,
2/16/23,7,Shallow,1434,Slippery Dick ,11-15cm,Stef,,,,
2/16/23,7,Shallow,1435,Slippery Dick ,11-15cm,Stef,,,,
2/16/23,7,Shallow,1436,Yellowhead Wrasse,3-4cm,Stef,Yellowhead wrasse ,,,
2/16/23,7,Shallow,1437,Yellowhead Wrasse,3-4cm,Stef,Yellowhead wrasse ,,,
2/16/23,7,Shallow,1438,Yellowhead Wrasse,4-5cm,Stef,Yellowhead wrasse ,,,
2/16/23,7,Shallow,1439,Yellowhead Wrasse,4-5cm,Stef,Yellowhead wrasse ,,,
2/16/23,7,Shallow,1440,Yellowhead Wrasse,4-5cm,Stef,Yellowhead wrasse ,,,
2/16/23,7,Shallow,1441,Yellowhead Wrasse,6-10cm,Stef,Yellowhead wrasse ,,,
2/16/23,7,Shallow,1442,Yellowhead Wrasse,6-10cm,Stef,Yellowhead wrasse ,,,
2/16/23,7,Shallow,1443,Yellowhead Wrasse,6-10cm,Stef,Yellowhead wrasse ,,,
2/16/23,7,Shallow,1444,Ocean Surgeonfish,2-3cm,Stef,,,,
2/16/23,7,Shallow,1445,Ocean Surgeonfish,3-4cm,Stef,,,,
2/16/23,7,Shallow,1446,Ocean Surgeonfish,3-4cm,Stef,,,,
2/16/23,7,Shallow,1447,Ocean Surgeonfish,3-4cm,Stef,,,,
2/16/23,7,Shallow,1448,Ocean Surgeonfish,4-5cm,Stef,,,,
2/16/23,7,Shallow,1449,Doctor Fish,3-4cm,Stef,can't read handwriting,,,
2/16/23,7,Shallow,1450,Beaugregory Damselfish,3-4cm,Jordan ,,,,
2/16/23,7,Shallow,1451,Beaugregory Damselfish,3-4cm,Jordan ,,,,
2/16/23,7,Shallow,1452,Beaugregory Damselfish,3-4cm,Jordan ,,,,
2/16/23,7,Shallow,1453,Dwarf Sand Perch,3-4cm,Jordan ,,,,
2/16/23,7,Shallow,1454,Dwarf Sand Perch,3-4cm,Jordan ,,,,
2/16/23,7,Shallow,1455,Dwarf Sand Perch,3-4cm,Jordan ,,,,
2/16/23,7,Shallow,1456,Dwarf Sand Perch,3-4cm,Jordan ,,,,
2/16/23,7,Shallow,1457,Dwarf Sand Perch,3-4cm,Jordan ,,,,
2/16/23,7,Shallow,1458,Dwarf Sand Perch,3-4cm,Jordan ,,,,
2/16/23,7,Shallow,1459,Dwarf Sand Perch,3-4cm,Jordan ,,,,
2/16/23,7,Shallow,1460,Slippery Dick ,3-4cm,Jordan ,,,,
2/16/23,7,Shallow,1461,Slippery Dick ,3-4cm,Jordan ,,,,
2/16/23,7,Shallow,1462,Slippery Dick ,3-4cm,Jordan ,,,,
2/16/23,7,Shallow,1463,Slippery Dick ,3-4cm,Jordan ,,,,
2/16/23,7,Shallow,1464,Slippery Dick ,3-4cm,Jordan ,,,,
2/16/23,7,Shallow,1465,Slippery Dick ,3-4cm,Jordan ,,,,
2/16/23,7,Shallow,1466,Slippery Dick ,3-4cm,Jordan ,,,,
2/16/23,7,Shallow,1467,Slippery Dick ,3-4cm,Jordan ,,,,
2/16/23,7,Shallow,1468,Slippery Dick ,3-4cm,Jordan ,,,,
2/16/23,7,Shallow,1469,Slippery Dick ,3-4cm,Jordan ,,,,
2/16/23,7,Shallow,1470,Slippery Dick ,3-4cm,Jordan ,,,,
2/16/23,7,Shallow,1471,Slippery Dick ,3-4cm,Jordan ,,,,
2/16/23,7,Shallow,1472,Striped Parrotfish,3-4cm,Jordan ,,,,
2/16/23,7,Shallow,1473,Striped Parrotfish,3-4cm,Jordan ,,,,
2/16/23,7,Shallow,1474,Striped Parrotfish,3-4cm,Jordan ,,,,
2/16/23,7,Shallow,1475,Striped Parrotfish,3-4cm,Jordan ,,,,
2/16/23,7,Shallow,1476,Striped Parrotfish,3-4cm,Jordan ,,,,
2/16/23,7,Shallow,1477,Razorfish Species ,3-4cm,Jordan ,,,,
2/16/23,7,Shallow,1478,Razorfish Species ,3-4cm,Jordan ,,,,
2/16/23,7,Shallow,1479,Bicolor Damselfish,3-4cm,Jordan ,,,,
2/16/23,7,Shallow,1480,Bicolor Damselfish,3-4cm,Jordan ,,,,
2/16/23,7,Shallow,1481,Bluehead Wrasse,3-4cm,Jordan ,Bluehead wrasse,,,
2/16/23,7,Shallow,1482,Bluehead Wrasse,3-4cm,Jordan ,Bluehead wrasse,,,
2/18/23,8,Shallow,1484,Cocoa Damselfish,3-4cm,Kianna ,,,,
2/18/23,8,Shallow,1485,Hamlet Species,4-5cm,Kianna ,,,,
2/18/23,8,Shallow,1486,Slippery Dick ,<2,Kianna ,,,,
2/18/23,8,Shallow,1487,Tobacco Fish,<2,Kianna ,,,,
2/18/23,9,Shallow,1488,Rosy Blenny,<2,Stef,,,,
2/18/23,9,Shallow,1489,Green Razorfish,6-10cm,Stef,Green razorfish,,,
2/18/23,9,Shallow,1490,Green Razorfish,11-15cm,Stef,Green razorfish,,,
2/18/23,9,Shallow,1491,Green Razorfish,11-15cm,Stef,Green razorfish,,,
2/18/23,9,Shallow,1492,Green Razorfish,11-15cm,Stef,Green razorfish,,,
2/18/23,9,Shallow,1493,Green Razorfish,11-15cm,Stef,Green razorfish,,,
2/18/23,9,Shallow,1494,Green Razorfish,<2,Kianna,Green razorfish,,,
2/18/23,9,Shallow,1495,Green Razorfish,2-3cm,Kianna,Green razorfish,,,
2/18/23,9,Shallow,1496,Green Razorfish,3-4cm,Kianna,Green razorfish,,,
2/18/23,9,Shallow,1497,Green Razorfish,4-5cm,Kianna,Green razorfish,,,
2/18/23,9,Shallow,1498,Green Razorfish,4-5cm,Kianna,Green razorfish,,,
2/18/23,9,Shallow,1499,Green Razorfish,11-15cm,Kianna,Green razorfish,,,
2/18/23,9,Shallow,1500,Green Razorfish,11-15cm,Kianna,Green razorfish,,,
2/18/23,9,Shallow,1501,unknown,3-4cm,Kianna,,,,