Date,Site_Number,Depth_Bin,Quadrat_Number,Species,Percent_Cover,Height (cm),Notes,Observer,Data Entry Questions/notes
2/12/23,1,Shallow,1,Halophila,40,4,,Darian,
2/12/23,1,Shallow,2,Halophila,15,3,,Darian,
2/12/23,1,Shallow,3,Halophila,70,5,,Darian,
2/12/23,1,Shallow,4,Halophila,30,4,,Darian,
2/12/23,1,Shallow,5,Halophila,35,3,,Darian,
2/12/23,1,Shallow,1,Syringodium ,30,10,,Darian,
2/12/23,1,Shallow,2,Syringodium ,10,8,,Darian,
2/12/23,1,Shallow,3,Syringodium ,5,10,,Darian,
2/12/23,1,Shallow,4,Syringodium ,10,8,,Darian,
2/12/23,1,Shallow,5,Syringodium ,10,3,,Darian,
2/12/23,1,Shallow,1,Halophila,75,3,,Madi,
2/12/23,1,Shallow,2,Halophila,30,2,,Madi,
2/12/23,1,Shallow,3,Halophila,65,3,,Madi,
2/12/23,1,Shallow,4,Halophila,85,4,,Madi,
2/12/23,1,Shallow,5,Halophila,75,3,,Madi,
2/12/23,1,Shallow,1,Syringodium ,10,5,,Madi,
2/12/23,1,Shallow,2,Syringodium ,10,5,,Madi,
2/12/23,1,Shallow,3,Syringodium ,5,6,,Madi,
2/12/23,1,Shallow,4,Syringodium ,5,5,,Madi,
2/12/23,1,Shallow,5,Syringodium ,10,8,,Madi,
2/12/23,1,Intermediate,1,Halophila,20,5,,Greg,
2/12/23,1,Intermediate,2,Halophila,15,5,,Greg,
2/12/23,1,Intermediate,3,Halophila,5,6,,Greg,
2/12/23,1,Intermediate,4,Halophila,0,0,,Greg,
2/12/23,1,Intermediate,5,Halophila,0,0,,Greg,
2/12/23,1,Intermediate,1,Syringodium ,20,35,,Greg,
2/12/23,1,Intermediate,2,Syringodium ,25,55,,Greg,
2/12/23,1,Intermediate,3,Syringodium ,45,30,,Greg,
2/12/23,1,Intermediate,4,Syringodium ,60,40,,Greg,
2/12/23,1,Intermediate,5,Syringodium ,70,35,,Greg,
2/12/23,1,Intermediate,1,Halophila,40,4,,Kianna,
2/12/23,1,Intermediate,2,Halophila,40,5,,Kianna,
2/12/23,1,Intermediate,3,Halophila,20,3,,Kianna,
2/12/23,1,Intermediate,4,Halophila,80,4,,Kianna,
2/12/23,1,Intermediate,5,Halophila,50,3,,Kianna,
2/12/23,1,Intermediate,1,Syringodium ,10,10,,Kianna,
2/12/23,1,Intermediate,2,Syringodium ,20,12,,Kianna,
2/12/23,1,Intermediate,3,Syringodium ,30,10,,Kianna,
2/12/23,1,Intermediate,4,Syringodium ,20,12,,Kianna,
2/12/23,1,Intermediate,5,Syringodium ,10,15,,Kianna,
2/12/23,2,Deep,1,Macroalgae,45,<1cm,,Avery,
2/12/23,2,Deep,2,Macroalgae,56,<1cm,,Avery,
2/12/23,2,Deep,3,Macroalgae,60,<1cm,,Avery,
2/12/23,2,Deep,4,Macroalgae,31,<1cm,,Avery,
2/12/23,2,Deep,5,Macroalgae,15,<1cm,,Avery,
2/12/23,2,Deep,5,Other,1,NA,Sponge,Avery,changed from <1 to 1
2/12/23,2,Deep,1,Other,50,<1cm,Bacteria/Turf Algae,James,
2/12/23,2,Deep,2,Other,40,<1cm,Bacteria/Turf Algae,James,
2/12/23,2,Deep,3,Other,40,<1cm,Bacteria/Turf Algae,James,
2/12/23,2,Deep,4,Other,30,<1cm,Bacteria/Turf Algae,James,
2/12/23,2,Deep,5,Other,70,<1cm,Bacteria/Turf Algae,James,
2/12/23,2,Intermediate,2,Halophila,2,1.5,,Darian,
2/12/23,2,Intermediate,3,Halophila,4,3,,Darian,
2/12/23,2,Intermediate,4,Halophila,4,2,,Darian,
2/12/23,2,Intermediate,5,Halophila,3,2,,Darian,
2/12/23,2,Intermediate,1,Macroalgae,10,,,Darian,
2/12/23,2,Intermediate,4,Macroalgae,5,,,Darian,
2/12/23,2,Intermediate,5,Syringodium ,1,12,,Darian,
2/12/23,2,Intermediate,1,Halophila,3,2,,Stef,
2/12/23,2,Intermediate,2,Halophila,15,2,3-5 urchins,Stef,
2/12/23,2,Intermediate,3,Halophila,45,3,,Stef,
2/12/23,2,Intermediate,4,Halophila,50,3,,Stef,
2/12/23,2,Intermediate,5,Halophila,35,2.5,lots of macroalgae ,Stef,
2/12/23,2,Shallow,1,Halophila,1,2,,Madi,
2/12/23,2,Shallow,2,Halophila,10,3,,Madi,
2/12/23,2,Shallow,3,Halophila,25,3,,Madi,
2/12/23,2,Shallow,4,Halophila,30,2,,Madi,
2/12/23,2,Shallow,5,Halophila,10,4,,Madi,
2/12/23,2,Shallow,1,Halophila,30,4,,Kianna,
2/12/23,2,Shallow,2,Halophila,20,3,,Kianna,
2/12/23,2,Shallow,3,Halophila,10,3.5,,Kianna,
2/12/23,2,Shallow,4,Halophila,20,4,rocks,Kianna,
2/12/23,2,Shallow,5,Halophila,10,2,rocks,Kianna,
2/12/23,3,Intermediate,1,Halophila,20,6,,Greg,
2/12/23,3,Intermediate,2,Halophila,80,5,,Greg,
2/12/23,3,Intermediate,3,Halophila,25,5.5,,Greg,
2/12/23,3,Intermediate,4,Halophila,50,6,,Greg,
2/12/23,3,Intermediate,5,Halophila,35,4.9,,Greg,
2/12/23,3,Intermediate,3,Syringodium ,25,27,,Greg,
2/12/23,3,Intermediate,4,Syringodium ,10,29,,Greg,
2/12/23,3,Intermediate,5,Syringodium ,30,31,,Greg,
2/12/23,3,Intermediate,1,Macroalgae,30,25,,Greg,
2/12/23,3,Intermediate,2,Macroalgae,10,10,,Greg,
2/12/23,3,Intermediate,3,Macroalgae,15,25,,Greg,
2/12/23,3,Intermediate,5,Macroalgae,10,23,,Greg,
2/12/23,3,Intermediate,1,Halophila,10,3,,Natalie,
2/12/23,3,Intermediate,2,Halophila,30,2,,Natalie,
2/12/23,3,Intermediate,3,Halophila,30,4,,Natalie,
2/12/23,3,Intermediate,4,Halophila,5,2,,Natalie,
2/12/23,3,Intermediate,3,Syringodium ,5,20,,Natalie,
2/12/23,3,Intermediate,4,Syringodium ,50,25,,Natalie,
2/12/23,3,Intermediate,5,Syringodium ,40,17,,Natalie,
2/12/23,3,Intermediate,1,Macroalgae,10,5,,Natalie,
2/12/23,3,Intermediate,2,Macroalgae,5,10,,Natalie,
2/12/23,3,Intermediate,3,Macroalgae,5,16,,Natalie,
2/12/23,3,Intermediate,4,Macroalgae,5,5,,Natalie,
2/12/23,3,Intermediate,5,Macroalgae,5,10,,Natalie,
2/12/23,3,Deep,1,Halophila,95,8.5,,James,
2/12/23,3,Deep,2,Halophila,100,10,,James,
2/12/23,3,Deep,3,Halophila,100,9,,James,
2/12/23,3,Deep,4,Halophila,98,8,,James,
2/12/23,3,Deep,5,Halophila,98,7,,James,
2/12/23,3,Deep,1,Other,5,,sponges,James,
2/12/23,3,Deep,2,Other,1,,scattered sponges,James,
2/12/23,3,Deep,4,Other,1,,finger sponges,James,
2/12/23,3,Deep,1,Halophila,95,6,sponges intermixed,Avery,ask about heights are these for macroalgae or halophila
2/12/23,3,Deep,2,Halophila,97,7.1,sponges intermixed,Avery,
2/12/23,3,Deep,3,Halophila,97,7.8,sponges intermixed,Avery,
2/12/23,3,Deep,4,Halophila,98,7.7,sponges intermixed,Avery,
2/12/23,3,Deep,5,Halophila,96,6.9,sponges intermixed,Avery,
2/12/23,4,Deep,1,Halophila,65,5,,James,
2/12/23,4,Deep,2,Halophila,63,5,,James,
2/12/23,4,Deep,3,Halophila,98,7,,James,
2/12/23,4,Deep,4,Halophila,90,3.5,,James,
2/12/23,4,Deep,5,Halophila,90,5,,James,
2/12/23,4,Deep,1,Macroalgae,20,8,green calcified algae,James,
2/12/23,4,Deep,2,Macroalgae,10,0,green calcified algae,James,
2/12/23,4,Deep,3,Other,0,0,a few sponges,James,no percentage listed changed to  0
2/12/23,4,Deep,5,Other,0,0,few scattered sponges,James,no percentage listed changed to 0
2/12/23,4,Deep,1,Halophila,30,3,green algae,Darian,
2/12/23,4,Deep,2,Halophila,50,4,green algae ,Darian,
2/12/23,4,Deep,3,Halophila,70,7,,Darian,
2/12/23,4,Deep,4,Halophila,60,6,,Darian,
2/12/23,4,Deep,5,Halophila,65,6,,Darian,
2/13/23,4,Deep,1,Macroalgae,20,8,,Darian,
2/14/23,4,Deep,2,Macroalgae,10,6,,Darian,
2/16/23,4,Intermediate,1,Halophila,15,3,algae on grass,Sabrina,
2/16/23,4,Intermediate,2,Halophila,30,2,cork screw anamone a lot of holes,Sabrina,
2/16/23,4,Intermediate,3,Halophila,2,2,,Sabrina,
2/16/23,4,Intermediate,4,Halophila,2,2,a lot of big holes,Sabrina,
2/16/23,4,Intermediate,5,Halophila,90,4,,Sabrina,
2/16/23,4,Intermediate,2,Macroalgae,3,,alot of goby holes,Sabrina,
2/16/23,4,Intermediate,3,Macroalgae,1,,alot of goby holes,Sabrina,
2/16/23,4,Intermediate,4,Macroalgae,1,,alot of goby holes,Sabrina,
2/16/23,4,Intermediate,5,Macroalgae,1,,alot of goby holes,Sabrina,
2/16/23,4,Intermediate,1,Halophila,65,2,,Stef,
2/16/23,4,Intermediate,2,Halophila,60,2.5,sand mounds with holes in halophila,Stef,
2/16/23,4,Intermediate,3,Halophila,5,2,turf algae,Stef,
2/16/23,4,Intermediate,4,Halophila,3,2,,Stef,
2/16/23,4,Intermediate,5,Halophila,90,4.5,,Stef,
2/16/23,4,Intermediate,3,Macroalgae,2,0.5,,Stef,
2/16/23,4,Intermediate,4,Macroalgae,1,0.25,,Stef,
2/16/23,4,Intermediate,1,Other,2,,gorgonian,Stef,
2/16/23,4,Shallow,1,Halophila,20,3,,Madi,
2/16/23,4,Shallow,2,Halophila,5,1.5,,Madi,
2/16/23,4,Shallow,3,Halophila,10,2,,Madi,
2/16/23,4,Shallow,4,Halophila,40,2,,Madi,
2/16/23,4,Shallow,5,Halophila,15,3,,Madi,
2/16/23,4,Shallow,1,Halophila,40,2.5,,Jordan,
2/16/23,4,Shallow,2,Halophila,50,4.5,,Jordan,
2/16/23,4,Shallow,3,Halophila,60,2,,Jordan,
2/16/23,4,Shallow,4,Halophila,30,3.5,,Jordan,
2/16/23,4,Shallow,5,Halophila,2.5,2,,Jordan,
2/16/23,5,Intermediate,1,Halophila,90,5.5,lots of snails,Stef,
2/16/23,5,Intermediate,2,Halophila,90,6,,Stef,
2/16/23,5,Intermediate,3,Halophila,97,5.5,,Stef,
2/16/23,5,Intermediate,4,Halophila,90,6,,Stef,
2/16/23,5,Intermediate,5,Halophila,90,5,,Stef,
2/16/23,5,Intermediate,1,Macroalgae,2,25,,Stef,
2/16/23,5,Intermediate,3,Macroalgae,1,29,,Stef,
2/16/23,5,Intermediate,4,Other,3,,gorgonian,Stef,
2/16/23,5,Intermediate,1,Halophila,98,5.5,rope sponges,Sabrina,
2/16/23,5,Intermediate,2,Halophila,98,3,cyanobacteria/sponges,Sabrina,
2/16/23,5,Intermediate,3,Halophila,95,4,cyanobacteria/sponges,Sabrina,
2/16/23,5,Intermediate,4,Halophila,95,4,cyanobacteria/sponges,Sabrina,
2/16/23,5,Intermediate,5,Halophila,98,5,cyanobacteria/sponges,Sabrina,
2/16/23,5,Intermediate,1,Macroalgae,1,,fan,Sabrina,
2/16/23,5,Intermediate,2,Macroalgae,1,,fan,Sabrina,
2/16/23,5,Intermediate,3,Macroalgae,1,,,Sabrina,
2/16/23,5,Intermediate,4,Macroalgae,3,,,Sabrina,
2/16/23,5,Shallow,1,Macroalgae,5,,no height given,Jordan,
2/16/23,5,Shallow,1,Syringodium ,30,15,,Jordan,
2/16/23,5,Shallow,2,Syringodium ,60,10.5,,Jordan,
2/16/23,5,Shallow,3,Syringodium ,80,9.5,,Jordan,
2/16/23,5,Shallow,4,Syringodium ,75,13,,Jordan,
2/16/23,5,Shallow,5,Syringodium ,5,11,,Jordan,
2/16/23,5,Shallow,5,Halophila,50,2.5,,Jordan,
2/16/23,5,Shallow,1,Syringodium ,80,12,,Madi,
2/16/23,5,Shallow,2,Syringodium ,65,9,,Madi,
2/16/23,5,Shallow,3,Syringodium ,85,15,,Madi,
2/16/23,5,Shallow,4,Syringodium ,70,12.5,,Madi,
2/16/23,5,Shallow,5,Syringodium ,10,10,,Madi,
2/16/23,5,Shallow,5,Halophila,10,2.5,,Madi,
2/16/23,5,Deep,1,Halophila,96,9.8,"sand, finger sponge",Avery,
2/16/23,5,Deep,2,Halophila,98,6.6,bacteria,Avery,
2/16/23,5,Deep,3,Halophila,98,7.4,"sand, finger sponge",Avery,
2/16/23,5,Deep,4,Halophila,98,5.9,sand,Avery,
2/16/23,5,Deep,4,Macroalgae,1,12.1,sand,Avery,
2/16/23,5,Deep,5,Halophila,99,7.7,sand,Avery,
2/16/23,5,Deep,1,Halophila,95,7.5,2 small sponge,James,
2/16/23,5,Deep,2,Halophila,98,9.5,2 small sponge,James,
2/16/23,5,Deep,3,Halophila,90,7.5,small finger sponges,James,
2/16/23,5,Deep,4,Halophila,97,8,,James,
2/16/23,5,Deep,5,Halophila,99,9.8,,James,
2/16/23,6,Intermediate,1,Halophila,85,4,,Madi,double check location on this not on datasheet
2/16/23,6,Intermediate,2,Halophila,95,4,,Madi,
2/16/23,6,Intermediate,3,Halophila,95,4,,Madi,
2/16/23,6,Intermediate,4,Halophila,95,3.5,,Madi,
2/16/23,6,Intermediate,5,Halophila,99,4,,Madi,
2/16/23,6,Intermediate,1,Halophila,90,5.4,,Avery,
2/16/23,6,Intermediate,2,Halophila,95,5.2,,Avery,
2/16/23,6,Intermediate,3,Halophila,95,4.3,finger sponges,Avery,
2/16/23,6,Intermediate,4,Halophila,92,6.4,finger sponges,Avery,
2/16/23,6,Intermediate,5,Halophila,93,7.2,finger sponges,Avery,
2/16/23,6,Shallow,1,Halophila,1,2,,Jordan,
2/16/23,6,Shallow,2,Halophila,1,2,,Jordan,
2/16/23,6,Shallow,2,Macroalgae,1,,No height,Jordan,
2/16/23,6,Shallow,3,Macroalgae,1,10,,Jordan,
2/16/23,6,Shallow,4,Macroalgae,4,5,,Jordan,
2/16/23,6,Shallow,5,Halophila,15,2.5,,Jordan,
2/16/23,6,Shallow,1,Other,0,,Just sand,Stef,
2/16/23,6,Shallow,2,Macroalgae,3,7,,Stef,
2/16/23,6,Shallow,3,Halophila,2,1,,Stef,
2/16/23,6,Shallow,4,Macroalgae,5,10,,Stef,
2/16/23,6,Shallow,5,Halophila,10,1.5,,Stef,
2/16/23,7,Intermediate,1,Halophila,90,4,,Madi,
2/16/23,7,Intermediate,2,Halophila,90,5,,Madi,
2/16/23,7,Intermediate,3,Halophila,95,6,,Madi,
2/16/23,7,Intermediate,4,Halophila,90,4,,Madi,
2/16/23,7,Intermediate,5,Halophila,85,5,,Madi,
2/16/23,7,Intermediate,1,Halophila,63,5.5,,Avery,i think this is actually intermediate 7
2/16/23,7,Intermediate,2,Halophila,75,6.5,,Avery,
2/16/23,7,Intermediate,3,Halophila,75,6.6,,Avery,
2/16/23,7,Intermediate,4,Halophila,82,7.1,,Avery,
2/16/23,7,Intermediate,5,Halophila,82,6.7,,Avery,
2/16/23,8,Deep,1,Halophila,95,10,,Darian,
2/16/23,8,Deep,2,Halophila,95,9,,Darian,
2/16/23,8,Deep,3,Halophila,94,10,,Darian,
2/16/23,8,Deep,4,Halophila,98,11,,Darian,
2/16/23,8,Deep,5,Halophila,92,7,,Darian,
2/16/23,8,Deep,1,Macroalgae,2,,,Darian,
2/16/23,8,Deep,2,Macroalgae,2,,,Darian,
2/16/23,8,Deep,4,Macroalgae,2,,,Darian,
2/16/23,8,Deep,5,Macroalgae,1,,,Darian,
2/16/23,8,Deep,1,Other,3,,sponges,Darian,
2/16/23,8,Deep,2,Other,3,,sponges,Darian,
2/16/23,8,Deep,3,Other,3,,sponges,Darian,
2/16/23,8,Deep,4,Other,3,,sponges,Darian,
2/16/23,8,Deep,5,Other,5,,sponges,Darian,
2/16/23,8,Deep,1,Halophila,99,5.5,,Greg,
2/16/23,8,Deep,2,Halophila,99,5.5,,Greg,
2/16/23,8,Deep,3,Halophila,96,6,,Greg,
2/16/23,8,Deep,4,Halophila,98,5.9,,Greg,
2/16/23,8,Deep,5,Halophila,99,5,,Greg,
2/16/23,8,Deep,3,Macroalgae,3,17,,Greg,
2/16/23,8,Deep,4,Macroalgae,1,17,,Greg,
2/16/23,8,Deep,1,Other,1,12,,Greg,what is this other?
2/16/23,8,Deep,2,Other,1,,,Greg,
2/16/23,8,Deep,3,Other,1,,,Greg,
2/16/23,8,Deep,4,Other,1,,,Greg,
2/16/23,8,Deep,5,Other,1,,,Greg,
2/18/23,8,Intermediate,1,Halophila,55,3.5,,Jordan,
2/18/23,8,Intermediate,2,Halophila,65,3,,Jordan,
2/18/23,8,Intermediate,3,Halophila,55,4,,Jordan,
2/18/23,8,Intermediate,4,Halophila,60,4.6,,Jordan,
2/18/23,8,Intermediate,5,Halophila,50,3,,Jordan,
2/18/23,8,Intermediate,4,Thalassia ,15,16,,Jordan,
2/18/23,8,Intermediate,5,Thalassia ,25,12,,Jordan,
2/18/23,8,Intermediate,1,Macroalgae,10,,,Jordan,no height macroalgae
2/18/23,8,Intermediate,2,Macroalgae,10,,,Jordan,no height macroalgae
2/18/23,8,Intermediate,1,Halophila,20,4,rope sponges,Sabrina,
2/18/23,8,Intermediate,2,Halophila,30,4.5,rope sponges,Sabrina,
2/18/23,8,Intermediate,3,Halophila,20,5,"rope sponges, grass shoots more common than leaves",Sabrina,vverify this note 
2/18/23,8,Intermediate,4,Halophila,15,5,"rope sponges, cyanobacteria",Sabrina,
2/18/23,8,Intermediate,5,Halophila,30,5.5,rope sponges,Sabrina,
2/18/23,8,Intermediate,1,Macroalgae,5,,fan and calcifying,Sabrina,
2/18/23,8,Intermediate,2,Macroalgae,5,,,Sabrina,
2/18/23,8,Intermediate,3,Macroalgae,3,,,Sabrina,
2/18/23,8,Intermediate,4,Macroalgae,5,,,Sabrina,
2/18/23,8,Intermediate,5,Macroalgae,2,,,Sabrina,
2/18/23,8,Intermediate,4,Thalassia ,35,20,,Sabrina,
2/18/23,8,Intermediate,5,Thalassia ,40,13,,Sabrina,
2/18/23,9,Intermediate,1,Halophila,40,3,,Jordan,
2/18/23,9,Intermediate,2,Halophila,60,2.5,,Jordan,
2/18/23,9,Intermediate,3,Halophila,75,2.5,,Jordan,
2/18/23,9,Intermediate,4,Halophila,96,2.5,,Jordan,
2/18/23,9,Intermediate,5,Halophila,15,4,,Jordan,
2/18/23,9,Intermediate,2,Syringodium ,5,8,,Jordan,
2/18/23,9,Intermediate,3,Syringodium ,1,5,,Jordan,
2/18/23,9,Intermediate,4,Syringodium ,10,13,,Jordan,
2/18/23,9,Intermediate,5,Syringodium ,50,18,,Jordan,
2/18/23,9,Intermediate,1,Macroalgae,10,,,Jordan,
2/18/23,9,Intermediate,2,Macroalgae,10,,,Jordan,
2/18/23,9,Intermediate,3,Macroalgae,5,,,Jordan,
2/18/23,9,Intermediate,4,Macroalgae,5,,,Jordan,
2/18/23,9,Intermediate,5,Macroalgae,5,,,Jordan,
2/18/23,9,Intermediate,1,Halophila,30,3,a lot of cyanobacteria,Sabrina,
2/18/23,9,Intermediate,2,Halophila,40,3,large rope sponge cyanobacteria,Sabrina,
2/18/23,9,Intermediate,3,Halophila,45,4,,Sabrina,
2/18/23,9,Intermediate,4,Halophila,50,4,,Sabrina,
2/18/23,9,Intermediate,5,Halophila,10,4,fan algae and calcifying brown algae ,Sabrina,
2/18/23,9,Intermediate,2,Syringodium ,5,14,,Sabrina,
2/18/23,9,Intermediate,3,Syringodium ,15,10,,Sabrina,
2/18/23,9,Intermediate,4,Syringodium ,30,20,,Sabrina,
2/18/23,9,Intermediate,5,Syringodium ,60,17,,Sabrina,
2/18/23,9,Intermediate,1,Macroalgae,10,,,Sabrina,
2/18/23,9,Intermediate,2,Macroalgae,5,,,Sabrina,
2/18/23,9,Intermediate,3,Macroalgae,5,,,Sabrina,
2/18/23,9,Intermediate,4,Macroalgae,5,,,Sabrina,
2/18/23,9,Intermediate,5,Macroalgae,10,,,Sabrina,
2/18/23,10,Intermediate,1,Halophila,10,1,,Stef,
2/18/23,10,Intermediate,2,Halophila,10,2.5,,Stef,
2/18/23,10,Intermediate,3,Halophila,10,1.5,,Stef,
2/18/23,10,Intermediate,4,Halophila,3,1.5,,Stef,
2/18/23,10,Intermediate,5,Halophila,15,1,,Stef,
2/18/23,10,Intermediate,1,Macroalgae,15,12,,Stef,
2/18/23,10,Intermediate,2,Macroalgae,15,12,,Stef,
2/18/23,10,Intermediate,3,Macroalgae,20,10,,Stef,
2/18/23,10,Intermediate,4,Macroalgae,20,10,,Stef,
2/18/23,10,Intermediate,5,Macroalgae,10,15,,Stef,
2/18/23,10,Intermediate,1,Halophila,3,2,,Madi,
2/18/23,10,Intermediate,2,Halophila,10,2,,Madi,
2/18/23,10,Intermediate,3,Halophila,20,2,,Madi,
2/18/23,10,Intermediate,4,Halophila,20,1.5,,Madi,
2/18/23,10,Intermediate,5,Halophila,10,2,,Madi,
2/18/23,10,Intermediate,4,Syringodium ,5,11,,Madi,
2/18/23,11,Intermediate,1,Halophila,95,3,rope sponge,Stef,
2/18/23,11,Intermediate,2,Halophila,95,2,rope sponge,Stef,
2/18/23,11,Intermediate,3,Halophila,90,2.5,,Stef,does this mean two sand hill divers??
2/18/23,11,Intermediate,4,Halophila,90,3.5,,Stef,
2/18/23,11,Intermediate,5,Halophila,97,5,,Stef,
2/18/23,11,Intermediate,1,Halophila,95,5,,Madi,
2/18/23,11,Intermediate,2,Halophila,90,3,,Madi,
2/18/23,11,Intermediate,3,Halophila,90,4.5,,Madi,
2/18/23,11,Intermediate,4,Halophila,95,5,,Madi,
2/18/23,11,Intermediate,5,Halophila,95,3.5,,Madi,
2/21/23,13,Intermediate,1,Halophila,90,4,,Stef,
2/21/23,13,Intermediate,2,Halophila,90,4,"sand hills, divots",Stef,
2/21/23,13,Intermediate,3,Halophila,95,3.5,marine debris,Stef,
2/21/23,13,Intermediate,4,Halophila,95,5,,Stef,
2/21/23,13,Intermediate,5,Halophila,95,4,,Stef,
2/21/23,13,Intermediate,1,Halophila,90,6,,Kianna,
2/21/23,13,Intermediate,2,Halophila,90,4,,Kianna,
2/21/23,13,Intermediate,3,Halophila,95,5,,Kianna,
2/21/23,13,Intermediate,4,Halophila,98,6,,Kianna,
2/21/23,13,Intermediate,5,Halophila,95,3.5,,Kianna,
2/21/23,14,Intermediate,1,Halophila,90,4.5,,Stef,
2/21/23,14,Intermediate,2,Halophila,90,4,,Stef,
2/21/23,14,Intermediate,3,Halophila,95,5,Rope Sponge,Stef,
2/21/23,14,Intermediate,4,Halophila,85,4,Rope Sponge,Stef,
2/21/23,14,Intermediate,5,Halophila,90,4.5,,Stef,
2/21/23,14,Intermediate,1,Halophila,80,4.5,,Kianna,
2/21/23,14,Intermediate,2,Halophila,90,5,,Kianna,
2/21/23,14,Intermediate,3,Halophila,75,3.5,,Kianna,
2/21/23,14,Intermediate,4,Halophila,95,5,,Kianna,
2/21/23,14,Intermediate,5,Halophila,90,4,,Kianna,
2/22/23,14,Shallow,1,Halophila,40,2,,James,
2/22/23,14,Shallow,1,Syringodium ,40,8,,James,
2/22/23,14,Shallow,2,Halophila,50,2.5,,James,
2/22/23,14,Shallow,2,Syringodium ,40,9.5,,James,
2/22/23,14,Shallow,3,Halophila,30,2.5,,James,
2/22/23,14,Shallow,3,Syringodium ,50,12,,James,
2/22/23,14,Shallow,4,Halophila,80,3.5,,James,
2/22/23,14,Shallow,4,Syringodium ,15,7.5,,James,
2/22/23,14,Shallow,5,Halophila,55,4,,James,
2/22/23,14,Shallow,5,Syringodium ,25,15,,James,
2/22/23,14,Shallow,1,Halophila,10,3.5,,Greg,
2/22/23,14,Shallow,1,Syringodium ,50,1.2,,Greg,
2/22/23,14,Shallow,1,Macroalgae,10,5,,Greg,
2/22/23,14,Shallow,2,Halophila,10,4,,Greg,
2/22/23,14,Shallow,2,Syringodium ,50,1,,Greg,
2/22/23,14,Shallow,2,Macroalgae,10,7,,Greg,
2/22/23,14,Shallow,3,Halophila,30,2.9,,Greg,
2/22/23,14,Shallow,3,Syringodium ,30,13,,Greg,
2/22/23,14,Shallow,3,Macroalgae,10,8,,Greg,
2/22/23,14,Shallow,4,Halophila,60,5,,Greg,
2/22/23,14,Shallow,4,Syringodium ,10,10,,Greg,
2/22/23,14,Shallow,4,Macroalgae,5,7,,Greg,
2/22/23,14,Shallow,5,Halophila,30,5,,Greg,
2/22/23,14,Shallow,5,Syringodium ,30,11,,Greg,
2/22/23,14,Shallow,5,Macroalgae,5,13,,Greg,
2/22/23,15,Intermediate,1,Halophila,98,3.5,"sponges, pencil urchin, brown algae",Sabrina,
2/22/23,15,Intermediate,1,Macroalgae,1,23,,Sabrina,Can't read percent cover
2/22/23,15,Intermediate,2,Halophila,98,4,large sound mond with hole,Sabrina,
2/22/23,15,Intermediate,2,Macroalgae,1,10,,Sabrina,Can't read percent cover
2/22/23,15,Intermediate,3,Halophila,98,5,"brown algae, spomges",Sabrina,
2/22/23,15,Intermediate,3,Macroalgae,1,18,"brown algae, spomges",Sabrina,Can't read percent cover
2/22/23,15,Intermediate,4,Halophila,97,4,"brown algae, spomges",Sabrina,
2/22/23,15,Intermediate,4,Macroalgae,1,18,"brown algae, spomges",Sabrina,Can't read percent cover
2/22/23,15,Intermediate,5,Halophila,98,5,"brown algae, spomges",Sabrina,
2/22/23,15,Intermediate,5,Macroalgae,1,30,"brown algae, spomges",Sabrina,Can't read percent cover
2/22/23,15,Intermediate,1,Halophila,90,4.5,,Natalie,
2/22/23,15,Intermediate,1,Macroalgae,2,12,,Natalie,
2/22/23,15,Intermediate,2,Halophila,85,6.5,,Natalie,
2/22/23,15,Intermediate,2,Macroalgae,1,13.5,,Natalie,
2/22/23,15,Intermediate,3,Halophila,85,3,,Natalie,
2/22/23,15,Intermediate,3,Macroalgae,2,21,,Natalie,
2/22/23,15,Intermediate,4,Halophila,90,6.5,,Natalie,
2/22/23,15,Intermediate,4,Macroalgae,2,19,,Natalie,
2/22/23,15,Intermediate,5,Halophila,95,9,,Natalie,
2/22/23,15,Intermediate,5,Macroalgae,1,11,,Natalie,
2/22/23,15,Deep,1,Halophila,100,7.5,,James,
2/22/23,15,Deep,2,Halophila,100,6.5,,James,
2/22/23,15,Deep,3,Halophila,96,6.5,,James,
2/25/23,17,Shallow,1,Halophila,45,1,,Natalie,
2/25/23,17,Shallow,2,Halophila,35,2.5,,Natalie,
2/25/23,17,Shallow,3,Halophila,20,2,,Natalie,
2/25/23,17,Shallow,4,Halophila,35,1.5,,Natalie,
2/25/23,17,Shallow,5,Halophila,40,1.5,,Natalie,
2/25/23,17,Shallow,1,Halodule ,20,4.5,,Natalie,
2/25/23,17,Shallow,2,Halodule ,15,11,,Natalie,
2/25/23,17,Shallow,3,Halodule ,10,5.5,,Natalie,
2/25/23,17,Shallow,4,Halodule ,15,6.5,,Natalie,
2/25/23,17,Shallow,5,Halodule ,5,6,,Natalie,
2/25/23,17,Shallow,1,Halophila,30,2,,Karl,
2/25/23,17,Shallow,2,Halophila,35,2,,Karl,
2/25/23,17,Shallow,3,Halophila,40,2.5,,Karl,
2/25/23,17,Shallow,4,Halophila,40,1.5,,Karl,
2/25/23,17,Shallow,5,Halophila,40,2,,Karl,
2/25/23,17,Shallow,1,Halodule ,30,7,,Karl,
2/25/23,17,Shallow,2,Halodule ,30,7.5,,Karl,
2/25/23,17,Shallow,3,Halodule ,20,5,,Karl,
2/25/23,17,Shallow,4,Halodule ,25,8,,Karl,
2/25/23,17,Shallow,5,Halodule ,30,6,,Karl,
2/25/23,17,Shallow,5,Macroalgae,1,5,,Karl,
2/25/23,18,Shallow,1,Halophila,80,3,2 diadema,Karl,
2/25/23,18,Shallow,2,Halophila,75,3,,Karl,
2/25/23,18,Shallow,3,Halophila,60,3,,Karl,
2/25/23,18,Shallow,4,Halophila,40,3,,Karl,
2/25/23,18,Shallow,5,Halophila,70,5,,Karl,
2/25/23,18,Shallow,1,Macroalgae,10,1.5,,Karl,
2/25/23,18,Shallow,2,Macroalgae,15,2,,Karl,
2/25/23,18,Shallow,3,Macroalgae,30,2,,Karl,
2/25/23,18,Shallow,4,Macroalgae,35,2,,Karl,
2/25/23,18,Shallow,5,Macroalgae,5,2,,Karl,
2/25/23,18,Shallow,1,Halophila,80,3,,Natalie,
2/25/23,18,Shallow,2,Halophila,90,3.5,,Natalie,
2/25/23,18,Shallow,3,Halophila,85,2.5,,Natalie,
2/25/23,18,Shallow,4,Halophila,65,3,,Natalie,
2/25/23,18,Shallow,5,Halophila,35,3.5,,Natalie,
2/25/23,18,Shallow,1,Macroalgae,15,3,,Natalie,
2/25/23,18,Shallow,2,Macroalgae,10,3.5,,Natalie,
2/25/23,18,Shallow,3,Macroalgae,10,2,,Natalie,
2/25/23,18,Shallow,4,Macroalgae,15,2,,Natalie,
2/25/23,18,Shallow,5,Macroalgae,5,4,,Natalie,
2/25/23,19,Deep,1,Halophila,1,4,,Greg,
2/25/23,19,Deep,3,Halophila,1,3.4,,Greg,
2/25/23,19,Deep,4,Halophila,1,4.3,,Greg,
2/25/23,19,Deep,3,Macroalgae,1,17,,Greg,
2/25/23,19,Deep,1,Halophila,1,4,,Darian,
2/25/23,19,Deep,2,Halophila,1,4,,Darian,
2/25/23,19,Deep,5,Halophila,2,3,,Darian,
2/25/23,19,Deep,1,Macroalgae,95,,,Darian,
2/25/23,19,Deep,2,Macroalgae,95,,,Darian,
2/25/23,19,Deep,3,Macroalgae,96,,,Darian,
2/25/23,19,Deep,4,Macroalgae,96,,,Darian,
2/25/23,19,Deep,5,Macroalgae,94,,,Darian,
2/25/23,19,Deep,1,Rubble,4,,,Darian,
2/25/23,19,Deep,2,Rubble,4,,,Darian,
2/25/23,19,Deep,3,Rubble,4,,,Darian,
2/25/23,19,Deep,4,Rubble,4,,,Darian,
2/25/23,19,Deep,5,Rubble,4,,,Darian,
2/24/23,15,Deep,4,Halophila,98,7,,James,
2/24/23,15,Deep,5,Halophila,100,8.5,,James,
2/24/23,15,Deep,1,Halophila,95,5.7,,Greg,
2/24/23,15,Deep,1,Other,5,10,,Greg,
2/24/23,15,Deep,2,Halophila,90,5.9,,Greg,
2/24/23,15,Deep,2,Other,5,8,,Greg,
2/24/23,15,Deep,3,Halophila,90,5.5,,Greg,
2/24/23,15,Deep,3,Other,3,7,,Greg,
2/24/23,15,Deep,3,Macroalgae,2,8,,Greg,
2/24/23,15,Deep,4,Halophila,90,4.9,,Greg,
2/24/23,15,Deep,4,Macroalgae,5,9,,Greg,
2/24/23,15,Deep,4,Other,5,7,,Greg,
2/24/23,15,Deep,5,Halophila,95,5.7,,Greg,
2/24/23,15,Deep,5,Other,1,5,,Greg,
2/25/23,20,Intermediate,1,Halophila,85,4.5,,Karl,
2/25/23,20,Intermediate,1,Macroalgae,5,10,,Karl,
2/25/23,20,Intermediate,2,Halophila,80,3,,Karl,
2/25/23,20,Intermediate,2,Macroalgae,5,12,,Karl,
2/25/23,20,Intermediate,3,Halophila,90,4.5,,Karl,
2/25/23,20,Intermediate,3,Macroalgae,5,22,,Karl,
2/25/23,20,Intermediate,4,Halophila,75,4,,Karl,
2/25/23,20,Intermediate,4,Macroalgae,10,10,,Karl,
2/25/23,20,Intermediate,5,Halophila,10,3,,Karl,
2/25/23,20,Intermediate,5,Macroalgae,15,12,,Karl,
2/25/23,20,Intermediate,1,Halophila,40,4.5,,Sabrina,"Sponges, algae"
2/25/23,20,Intermediate,1,Macroalgae,30,27,,Sabrina,"Sponges, algae"
2/25/23,20,Intermediate,2,Halophila,30,3,,Sabrina,"Sponges, algae"
2/25/23,20,Intermediate,2,Macroalgae,20,18,,Sabrina,"Sponges, algae"
2/25/23,20,Intermediate,3,Halophila,20,4,,Sabrina,"Sponges, algae"
2/25/23,20,Intermediate,3,Macroalgae,20,10,,Sabrina,"Sponges, algae"
2/25/23,20,Intermediate,4,Halophila,75,4,,Sabrina,"Sponges, algae"
2/25/23,20,Intermediate,4,Macroalgae,20,13,,Sabrina,"Sponges, algae"
2/25/23,20,Intermediate,5,Halophila,20,3,,Sabrina,"Sponges, algae"
2/25/23,20,Intermediate,5,Macroalgae,40,10,,Sabrina,"Sponges, algae"
2/25/23,21,Intermediate,1,Halophila,40,3.5,,Karl,
2/25/23,21,Intermediate,1,Macroalgae,5,9,,Karl,
2/25/23,21,Intermediate,2,Halophila,30,3,,Karl,
2/25/23,21,Intermediate,2,Macroalgae,3,5.5,,Karl,
2/25/23,21,Intermediate,3,Halophila,10,3.5,,Karl,
2/25/23,21,Intermediate,3,Macroalgae,3,14,,Karl,
2/25/23,21,Intermediate,4,Halophila,5,3,,Karl,
2/25/23,21,Intermediate,4,Macroalgae,3,10,,Karl,
2/25/23,21,Intermediate,5,Halophila,15,5,,Karl,
2/25/23,21,Intermediate,5,Macroalgae,3,12,,Karl,
2/25/23,21,Intermediate,1,Halophila,20,3,"algae looks like fan, grass has macroalgae does not look healthy",Sabrina,
2/25/23,21,Intermediate,1,Macroalgae,10,9,"algae looks like fan, grass has macroalgae does not look healthy",Sabrina,
2/25/23,21,Intermediate,2,Halophila,15,3.5,"algae looks like fan, grass has macroalgae does not look healthy",Sabrina,
2/25/23,21,Intermediate,2,Macroalgae,10,10,"algae looks like fan, grass has macroalgae does not look healthy",Sabrina,
2/25/23,21,Intermediate,3,Halophila,10,3,"algae looks like fan, grass has macroalgae does not look healthy",Sabrina,
2/25/23,21,Intermediate,3,Macroalgae,5,5,"algae looks like fan, grass has macroalgae does not look healthy",Sabrina,
2/25/23,21,Intermediate,4,Halophila,10,4,"algae looks like fan, grass has macroalgae does not look healthy",Sabrina,
2/25/23,21,Intermediate,4,Macroalgae,10,7,"algae looks like fan, grass has macroalgae does not look healthy",Sabrina,
2/25/23,21,Intermediate,5,Halophila,30,5,"algae looks like fan, grass has macroalgae does not look healthy",Sabrina,
2/25/23,21,Intermediate,5,Macroalgae,10,15,"algae looks like fan, grass has macroalgae does not look healthy",Sabrina,
2/25/23,19,Shallow,1,Other,10,,,Kianna,
2/25/23,19,Shallow,2,Halophila,10,1,diadema,Kianna,
2/25/23,19,Shallow,2,Other,10,,,Kianna,
2/25/23,19,Shallow,3,Halophila,80,3,,Kianna,
2/25/23,19,Shallow,4,Halophila,30,3,,Kianna,
2/25/23,19,Shallow,4,Other,10,,,Kianna,
2/25/23,19,Shallow,5,Halophila,80,2.5,,Kianna,
2/25/23,19,Shallow,1,Halophila,15,1,,Stefanie,
2/25/23,19,Shallow,2,Halophila,30,1.5,,Stefanie,
2/25/23,19,Shallow,3,Halophila,50,1.5,,Stefanie,
2/25/23,19,Shallow,4,Halophila,60,2,,Stefanie,
2/25/23,19,Shallow,5,Halophila,60,2,,Stefanie,
2/25/23,19,Intermediate,1,Halophila,10,4,,Kianna,
2/25/23,19,Intermediate,1,Macroalgae,40,8.5,,Kianna,
2/25/23,19,Intermediate,2,Macroalgae,70,11,,Kianna,
2/25/23,19,Intermediate,3,Syringodium ,15,19,,Kianna,
2/25/23,19,Intermediate,3,Macroalgae,85,8,,Kianna,
2/25/23,19,Intermediate,4,Syringodium ,30,8,,Kianna,
2/25/23,19,Intermediate,4,Macroalgae,50,9,,Kianna,
2/25/23,19,Intermediate,5,Halophila,40,2.5,,Kianna,
2/25/23,19,Intermediate,5,Macroalgae,30,14,,Kianna,
2/25/23,19,Intermediate,1,Halophila,10,3,,Stefanie,
2/25/23,19,Intermediate,1,Macroalgae,60,11,,Stefanie,
2/25/23,19,Intermediate,2,Macroalgae,50,15,mixed algae,Stefanie,
2/25/23,19,Intermediate,3,Syringodium ,40,10,,Stefanie,
2/25/23,19,Intermediate,3,Macroalgae,30,12,,Stefanie,
2/25/23,19,Intermediate,4,Halophila,10,2,,Stefanie,
2/25/23,19,Intermediate,4,Syringodium ,20,29,,Stefanie,
2/25/23,19,Intermediate,4,Macroalgae,10,7,,Stefanie,
2/25/23,19,Intermediate,5,Halophila,30,2,,Stefanie,
2/25/23,19,Intermediate,5,Macroalgae,20,6,,Stefanie,
2/25/23,18,Intermediate,1,Macroalgae,10,,,Kianna,
2/25/23,18,Intermediate,2,Macroalgae,20,,,Kianna,
2/25/23,18,Intermediate,3,Halophila,2,0.5,,Kianna,
2/25/23,18,Intermediate,3,Macroalgae,10,,,Kianna,
2/25/23,18,Intermediate,4,Halophila,5,1,,Kianna,
2/25/23,18,Intermediate,5,Halophila,2,1.5,,Kianna,
2/25/23,18,Intermediate,1,Halophila,25,2,,Stefanie,
2/25/23,18,Intermediate,1,Macroalgae,35,,,Stefanie,
2/25/23,18,Intermediate,2,Macroalgae,40,,,Stefanie,
2/25/23,18,Intermediate,3,Halophila,10,2,,Stefanie,
2/25/23,18,Intermediate,3,Macroalgae,60,,,Stefanie,
2/25/23,18,Intermediate,4,Halophila,30,3,,Stefanie,
2/25/23,18,Intermediate,4,Macroalgae,40,,,Stefanie,
2/25/23,18,Intermediate,5,Halophila,10,2,,Stefanie,
2/25/23,24,Deep,1,Halophila,91,5.1,"sand, sponges",Avery,changed from deep 20 to 24
2/25/23,24,Deep,2,Halophila,89,5.6,"sand, sponges",Avery,changed from deep 20 to 24
2/25/23,24,Deep,2,Macroalgae,1,212,fan: halmeda,Avery,changed from deep 20 to 24
2/25/23,24,Deep,3,Halophila,90,5.6,sand,Avery,changed from deep 20 to 24
2/25/23,24,Deep,3,Macroalgae,1,15.2,sand,Avery,changed from deep 20 to 24
2/25/23,24,Deep,4,Halophila,95,6.1,sand,Avery,changed from deep 20 to 24
2/25/23,24,Deep,5,Halophila,91,6.2,sand,Avery,changed from deep 20 to 24
2/25/23,24,Deep,1,Halophila,95,5.5,,James,changed from deep 20 to 24
2/25/23,24,Deep,2,Halophila,100,6,,James,changed from deep 20 to 24
2/25/23,24,Deep,3,Halophila,100,7.5,,James,changed from deep 20 to 24
2/25/23,24,Deep,4,Halophila,99,7.5,,James,changed from deep 20 to 24
2/25/23,24,Deep,5,Halophila,100,6.5,,James,changed from deep 20 to 24
2/25/23,20,Shallow,1,Halophila,45,2.5,,Kianna,
2/25/23,20,Shallow,1,Syringodium ,45,9,,Kianna,
2/25/23,20,Shallow,1,Macroalgae,10,8,,Kianna,
2/25/23,20,Shallow,2,Halophila,40,3,,Kianna,
2/25/23,20,Shallow,2,Syringodium ,40,9,,Kianna,
2/25/23,20,Shallow,2,Macroalgae,15,7,,Kianna,
2/25/23,20,Shallow,3,Halophila,50,3,,Kianna,
2/25/23,20,Shallow,3,Syringodium ,30,7,,Kianna,
2/25/23,20,Shallow,3,Macroalgae,20,7,,Kianna,
2/25/23,20,Shallow,4,Halophila,60,4,,Kianna,
2/25/23,20,Shallow,4,Syringodium ,20,6,,Kianna,
2/25/23,20,Shallow,4,Macroalgae,15,6.5,,Kianna,
2/25/23,20,Shallow,5,Halophila,40,3,,Kianna,
2/25/23,20,Shallow,5,Syringodium ,30,17,,Kianna,
2/25/23,20,Shallow,5,Macroalgae,5,10,,Kianna,
2/25/23,20,Shallow,1,Halophila,50,3.5,,Stefanie,
2/25/23,20,Shallow,1,Syringodium ,20,10.5,,Stefanie,
2/25/23,20,Shallow,1,Halodule ,20,11,,Stefanie,
2/25/23,20,Shallow,2,Halophila,30,3,,Stefanie,
2/25/23,20,Shallow,2,Syringodium ,15,11.5,,Stefanie,
2/25/23,20,Shallow,2,Halodule ,20,12,,Stefanie,
2/25/23,20,Shallow,3,Halophila,60,2.5,,Stefanie,
2/25/23,20,Shallow,3,Syringodium ,10,13.5,,Stefanie,
2/25/23,20,Shallow,3,Halodule ,15,12,,Stefanie,
2/25/23,20,Shallow,4,Halophila,60,2,,Stefanie,
2/25/23,20,Shallow,4,Syringodium ,15,13,,Stefanie,
2/25/23,20,Shallow,4,Halodule ,15,9,,Stefanie,
2/25/23,20,Shallow,4,Macroalgae,5,8,,Stefanie,
2/25/23,20,Shallow,5,Halophila,40,2,,Stefanie,
2/25/23,20,Shallow,5,Syringodium ,10,16,,Stefanie,
2/25/23,20,Shallow,5,Halodule ,15,7,,Stefanie,
2/25/23,21,Deep,1,Halophila,90,8,,James,
2/25/23,21,Deep,2,Halophila,90,9,,James,
2/25/23,21,Deep,3,Halophila,85,9,,James,
2/25/23,21,Deep,4,Halophila,90,7.5,,James,
2/25/23,21,Deep,5,Halophila,95,8,,James,
2/25/23,21,Deep,1,Halophila,95,7.1,,Avery,
2/25/23,21,Deep,1,Macroalgae,1,15.6,"sand, sponges, mats of ?",Avery,
2/25/23,21,Deep,2,Halophila,91,9.2,"sand, sponges, mats of ?",Avery,
2/25/23,21,Deep,2,Macroalgae,1,12.3,"sand, sponges, mats of ?",Avery,
2/25/23,21,Deep,3,Halophila,81,6.3,"sand, sponges, mats of ?",Avery,
2/25/23,21,Deep,4,Halophila,74,6.4,"sand, sponges, mats of ?",Avery,
2/25/23,21,Deep,5,Halophila,81,6.1,"sand, sponges, mats of ?",Avery,
2/26/23,22,Intermediate,1,Syringodium ,70,8,,Natalie,
2/26/23,22,Intermediate,1,Macroalgae,2,25,,Natalie,
2/26/23,22,Intermediate,2,Thalassia ,5,12.5,,Natalie,
2/26/23,22,Intermediate,2,Syringodium ,75,14.5,,Natalie,
2/26/23,22,Intermediate,2,Macroalgae,5,11,,Natalie,
2/26/23,22,Intermediate,3,Thalassia ,25,18,,Natalie,
2/26/23,22,Intermediate,3,Syringodium ,70,10.5,,Natalie,
2/26/23,22,Intermediate,3,Macroalgae,3,15,,Natalie,
2/26/23,22,Intermediate,4,Thalassia ,15,8.5,,Natalie,
2/26/23,22,Intermediate,4,Syringodium ,80,7.5,,Natalie,
2/26/23,22,Intermediate,4,Macroalgae,2,27,,Natalie,
2/26/23,22,Intermediate,5,Thalassia ,80,16,,Natalie,
2/26/23,22,Intermediate,5,Syringodium ,15,5.5,,Natalie,
2/26/23,22,Intermediate,5,Macroalgae,2,8.5,,Natalie,
2/26/23,22,Intermediate,1,Syringodium ,80,10,,Stefanie,
2/26/23,22,Intermediate,1,Macroalgae,5,4,,Stefanie,
2/26/23,22,Intermediate,2,Syringodium ,85,17,,Stefanie,
2/26/23,22,Intermediate,2,Macroalgae,5,18.5,,Stefanie,
2/26/23,22,Intermediate,3,Thalassia ,10,10,,Stefanie,
2/26/23,22,Intermediate,3,Syringodium ,80,14,,Stefanie,
2/26/23,22,Intermediate,3,Macroalgae,5,8,,Stefanie,
2/26/23,22,Intermediate,4,Thalassia ,5,7,cushion seastar,Stefanie,
2/26/23,22,Intermediate,4,Syringodium ,80,8,cushion seastar,Stefanie,
2/26/23,22,Intermediate,4,Macroalgae,5,10,cushion seastar,Stefanie,
2/26/23,22,Intermediate,5,Thalassia ,90,7,,Stefanie,
2/26/23,22,Intermediate,5,Syringodium ,5,10,,Stefanie,
2/26/23,22,Intermediate,5,Macroalgae,5,13,,Stefanie,
2/26/23,21,Shallow,1,Halophila,54,3.9,Sand,Avery,
2/26/23,21,Shallow,2,Halophila,41,2.1,Sand,Avery,
2/26/23,21,Shallow,3,Halophila,62,5.6,Sand,Avery,
2/26/23,21,Shallow,4,Halophila,31,5.4,"Sand, sponges",Avery,
2/26/23,21,Shallow,5,Halophila,65,4.6,"Sand, sponges",Avery,
2/26/23,21,Shallow,1,Halophila,70,3,,Jordan,
2/26/23,21,Shallow,1,Macroalgae,5,2,,Jordan,
2/26/23,21,Shallow,2,Halophila,75,2.5,,Jordan,
2/26/23,21,Shallow,3,Halophila,65,3,"coral, sponges",Jordan,
2/26/23,21,Shallow,3,Macroalgae,10,2.5,"coral, sponges",Jordan,
2/26/23,21,Shallow,4,Halophila,60,3,sand,Jordan,
2/26/23,21,Shallow,4,Macroalgae,5,3,sand,Jordan,
2/26/23,21,Shallow,5,Halophila,75,3.5,sand,Jordan,
2/26/23,23,Deep,1,Halophila,85,4.3,,Greg,
2/26/23,23,Deep,1,Macroalgae,10,5,,Greg,
2/26/23,23,Deep,1,Other,1,10,,Greg,
2/26/23,23,Deep,2,Halophila,90,6,,Greg,
2/26/23,23,Deep,2,Macroalgae,5,12,,Greg,
2/26/23,23,Deep,2,Other,1,11,,Greg,
2/26/23,23,Deep,3,Halophila,90,5.5,,Greg,
2/26/23,23,Deep,3,Macroalgae,5,20,,Greg,
2/26/23,23,Deep,3,Other,1,12,,Greg,
2/26/23,23,Deep,4,Halophila,95,5.4,,Greg,
2/26/23,23,Deep,4,Macroalgae,4,17,,Greg,
2/26/23,23,Deep,4,Other,1,15,,Greg,
2/26/23,23,Deep,5,Halophila,95,5.4,,Greg,
2/26/23,23,Deep,5,Macroalgae,4,20,,Greg,
2/26/23,23,Deep,5,Other,1,10,,Greg,
2/26/23,23,Deep,1,Halophila,98,7.5,,James,
2/26/23,23,Deep,2,Halophila,100,8,,James,
2/26/23,23,Deep,3,Halophila,85,8,lots of calcified algae ,James,
2/26/23,23,Deep,4,Halophila,90,9.5,,James,
2/26/23,23,Deep,5,Halophila,95,7,,James,
2/26/23,23,Intermediate,1,Halophila,95,4.5,southern stingray,Natalie,
2/26/23,23,Intermediate,2,Halophila,95,5,,Natalie,
2/26/23,23,Intermediate,2,Macroalgae,2,10,school of bar jack,Natalie,
2/26/23,23,Intermediate,3,Halophila,90,6,,Natalie,
2/26/23,23,Intermediate,3,Macroalgae,3,7,,Natalie,
2/26/23,23,Intermediate,4,Halophila,98,11,,Natalie,
2/26/23,23,Intermediate,4,Macroalgae,2,16,,Natalie,
2/26/23,23,Intermediate,5,Halophila,90,4,,Natalie,
2/26/23,23,Intermediate,5,Macroalgae,10,16,,Natalie,
2/26/23,23,Intermediate,1,Halophila,90,4,southern stingray,Stefanie,
2/26/23,23,Intermediate,2,Halophila,95,3.5,school of bar jack,Stefanie,
2/26/23,23,Intermediate,3,Halophila,90,4,,Stefanie,
2/26/23,23,Intermediate,4,Halophila,90,3,sand hills crustose,Stefanie,
2/26/23,23,Intermediate,4,Macroalgae,5,,,Stefanie,
2/26/23,23,Intermediate,5,Halophila,90,5,sand,Stefanie,
2/26/23,23,Intermediate,5,Macroalgae,5,,,Stefanie,
2/26/23,22,Shallow,1,Syringodium ,70,13.1,"sand, fan",Avery,
2/26/23,22,Shallow,1,Macroalgae,1,6.7,sand,Avery,
2/26/23,22,Shallow,2,Thalassia ,1,14.2,sand,Avery,
2/26/23,22,Shallow,2,Syringodium ,68,15.1,sand,Avery,
2/26/23,22,Shallow,2,Macroalgae,1,16.1,sand,Avery,
2/26/23,22,Shallow,3,Syringodium ,71,17.6,sand,Avery,
2/26/23,22,Shallow,3,Macroalgae,1,6.1,sand,Avery,
2/26/23,22,Shallow,4,Thalassia ,5,15.6,sand,Avery,
2/26/23,22,Shallow,4,Syringodium ,61,6.1,sand,Avery,
2/26/23,22,Shallow,4,Macroalgae,1,1,sand,Avery,
2/26/23,22,Shallow,5,Thalassia ,3,16.1,sand,Avery,
2/26/23,22,Shallow,5,Syringodium ,70,17.6,sand,Avery,
2/26/23,22,Shallow,5,Macroalgae,5,17.9,sand,Avery,
2/26/23,22,Deep,1,Halophila,95,7,,James,
2/26/23,22,Deep,2,Halophila,98,10,,James,
2/26/23,22,Deep,3,Halophila,97,7,,James,
2/26/23,22,Deep,4,Halophila,98,8.5,,James,
2/26/23,22,Deep,5,Halophila,95,8,,James,
2/26/23,22,Deep,1,Halophila,90,5.7,,Greg,
2/26/23,22,Deep,1,Macroalgae,10,10,,Greg,
2/26/23,22,Deep,2,Halophila,90,5,,Greg,
2/26/23,22,Deep,2,Macroalgae,10,7,,Greg,
2/26/23,22,Deep,3,Halophila,90,4.9,,Greg,
2/26/23,22,Deep,3,Macroalgae,10,3,,Greg,
2/26/23,22,Deep,4,Halophila,90,5.1,,Greg,
2/26/23,22,Deep,4,Macroalgae,10,17,,Greg,
2/26/23,22,Deep,5,Halophila,90,4.9,,Greg,
2/26/23,22,Deep,5,Macroalgae,10,11,,Greg,
2/25/23,20,Deep,1,Halophila,65,7,,Darian,
2/25/23,20,Deep,1,Macroalgae,33,,,Darian,
2/25/23,20,Deep,1,Other,2,,sponge,Darian,
2/25/23,20,Deep,2,Halophila,65,7,,Darian,
2/25/23,20,Deep,2,Macroalgae,33,,,Darian,
2/25/23,20,Deep,2,Other,2,,sponge,Darian,
2/25/23,20,Deep,3,Halophila,65,8,,Darian,
2/25/23,20,Deep,3,Macroalgae,33,,,Darian,
2/25/23,20,Deep,3,Other,2,,sponge,Darian,
2/25/23,20,Deep,4,Halophila,95,8,,Darian,
2/25/23,20,Deep,4,Other,5,,sponge,Darian,
2/25/23,20,Deep,5,Halophila,80,9,,Darian,
2/25/23,20,Deep,5,Macroalgae,17,,,Darian,
2/25/23,20,Deep,5,Other,3,,sponge,Darian,
2/25/23,20,Deep,1,Halophila,80,5.5,,Greg,
2/25/23,20,Deep,1,Macroalgae,10,17,,Greg,
2/25/23,20,Deep,1,Other,10,20,,Greg,
2/25/23,20,Deep,2,Halophila,90,4.9,,Greg,
2/25/23,20,Deep,2,Macroalgae,5,8,,Greg,
2/25/23,20,Deep,2,Other,1,7,,Greg,
2/25/23,20,Deep,3,Halophila,80,5.9,,Greg,
2/25/23,20,Deep,3,Macroalgae,7,13,,Greg,
2/25/23,20,Deep,3,Other,10,27,,Greg,
2/25/23,20,Deep,4,Halophila,90,5.7,,Greg,
2/25/23,20,Deep,4,Other,5,20,,Greg,
2/25/23,20,Deep,5,Halophila,95,5.5,,Greg,
2/25/23,20,Deep,5,Other,5,17,,Greg,
2/24/23,15,Shallow,1,Halophila,50,3.4,coated in bacteria mats,Avery,
2/24/23,15,Shallow,1,Macroalgae,5,14.9,,Avery,
2/24/23,15,Shallow,1,Other,45,,sand,Avery,
2/24/23,15,Shallow,2,Halophila,45,3.4,coated in bacteria mats,Avery,
2/24/23,15,Shallow,2,Macroalgae,5,10.1,coated in bacteria mats,Avery,
2/24/23,15,Shallow,2,Other,50,,sand,Avery,
2/24/23,15,Shallow,3,Halophila,39,3.9,coated in bacteria mats,Avery,
2/24/23,15,Shallow,3,Macroalgae,3,12.4,coated in bacteria mats,Avery,
2/24/23,15,Shallow,3,Other,58,,sand,Avery,
2/24/23,15,Shallow,4,Halophila,32,3.4,coated in bacteria mats,Avery,
2/24/23,15,Shallow,4,Macroalgae,5,13.9,coates in bacteria mats,Avery,
2/24/23,15,Shallow,4,Halodule ,1,8.1,coated in bacteria mats,Avery,
2/24/23,15,Shallow,4,Other,62,,sand,Avery,
2/24/23,15,Shallow,5,Halophila,39,4.1,coated in bacteria mats,Avery,
2/24/23,15,Shallow,5,Halodule ,5,8.4,coated in bacteria mats,Avery,
2/24/23,15,Shallow,5,Macroalgae,2,12.5,coated in bacteria mats,Avery,
2/24/23,15,Shallow,5,Other,54,,sand,Avery,
2/24/23,15,Shallow,1,Halophila,33,3,"macrobacteria, lots of green calcified algae ",James,
2/24/23,15,Shallow,2,Halophila,40,4,"macrobacteria, lots of green calcified algae ",James,
2/24/23,15,Shallow,3,Halophila,35,2,"macrobacteria, lots of green calcified algae ",James,
2/24/23,15,Shallow,4,Halophila,20,1.5,"macrobacteria, lots of green calcified algae ",James,
2/24/23,15,Shallow,5,Halophila,25,2.5,"macrobacteria, lots of green calcified algae ",James,
2/24/23,15,Shallow,5,Halodule ,20,14.5,"macrobacteria, lots of green calcified algae ",James,
2/24/23,16,Deep,1,Halophila,85,7.6,"sponges, sand, mats of bacteria",Avery,
2/24/23,16,Deep,2,Halophila,90,6.2,"sponges, sand, mats of bacteria",Avery,
2/24/23,16,Deep,3,Halophila,85,7.2,"sponges, sand, mats of bacteria",Avery,
2/24/23,16,Deep,3,Macroalgae,1,21.2,"sponges, sand, mats of bacteria",Avery,said less than one changed to 1 for analysis
2/24/23,16,Deep,4,Halophila,85,6.6,"sponges, sand, mats of bacteria",Avery,
2/24/23,16,Deep,5,Halophila,90,8.1,"sponges, sand, mats of bacteria",Avery,
2/24/23,16,Deep,1,Halophila,99,6,,James,
2/24/23,16,Deep,2,Halophila,100,8,,James,
2/24/23,16,Deep,3,Halophila,100,9.5,,James,
2/24/23,16,Deep,4,Halophila,98,8,,James,
2/24/23,16,Deep,5,Halophila,98,7,,James,
2/24/23,16,Intermediate,1,Halophila,30,4,,Karl,
2/24/23,16,Intermediate,1,Macroalgae,35,19,,Karl,
2/24/23,16,Intermediate,2,Halophila,75,3.5,,Karl,
2/24/23,16,Intermediate,2,Macroalgae,10,13,,Karl,
2/24/23,16,Intermediate,3,Halophila,70,4,,Karl,
2/24/23,16,Intermediate,3,Macroalgae,10,7,,Karl,
2/24/23,16,Intermediate,4,Halophila,40,4,,Karl,
2/24/23,16,Intermediate,4,Macroalgae,30,13,,Karl,
2/24/23,16,Intermediate,5,Halophila,5,2,,Karl,
2/24/23,16,Intermediate,5,Macroalgae,50,15,,Karl,
2/24/23,16,Intermediate,1,Halophila,10,3,,Stefanie,
2/24/23,16,Intermediate,1,Macroalgae,40,4,,Stefanie,
2/24/23,16,Intermediate,2,Halophila,65,3,,Stefanie,
2/24/23,16,Intermediate,2,Macroalgae,10,13,giant sea star (he's moving),Stefanie,
2/24/23,16,Intermediate,3,Halophila,40,3,,Stefanie,
2/24/23,16,Intermediate,3,Macroalgae,35,1.5,,Stefanie,
2/24/23,16,Intermediate,4,Halophila,35,1.5,,Stefanie,
2/24/23,16,Intermediate,4,Macroalgae,15,11,,Stefanie,
2/24/23,16,Intermediate,5,Halophila,2,2,,Stefanie,
2/24/23,16,Intermediate,5,Macroalgae,30,12,,Stefanie,
2/24/23,17,Intermediate,1,Halophila,85,7,,Karl,
2/24/23,17,Intermediate,2,Halophila,80,7,,Karl,
2/24/23,17,Intermediate,2,Macroalgae,10,,,Karl,
2/24/23,17,Intermediate,3,Halophila,70,9,,Karl,
2/24/23,17,Intermediate,3,Macroalgae,30,,,Karl,
2/24/23,17,Intermediate,4,Halophila,95,4,,Karl,
2/24/23,17,Intermediate,5,Halophila,95,4,,Karl,
2/24/23,17,Intermediate,1,Halophila,90,4.5,,Stefanie,
2/24/23,17,Intermediate,1,Macroalgae,2,13,rope sponges and lots of nudibranchs,Stefanie,
2/24/23,17,Intermediate,2,Halophila,95,2.5,scarring,Stefanie,
2/24/23,17,Intermediate,3,Halophila,90,4,,Stefanie,
2/24/23,17,Intermediate,4,Halophila,60,4,,Stefanie,
2/24/23,17,Intermediate,4,Macroalgae,10,n/a,red mat over taking and sand,Stefanie,
2/24/23,17,Intermediate,5,Halophila,95,5,rope sponges,Stefanie,
2/24/23,16,Shallow,1,Halophila,20,1,Bouy anchored,Stefanie,
2/24/23,16,Shallow,1,Halodule ,10,11,,Stefanie,
2/24/23,16,Shallow,1,Macroalgae,1,3,,Stefanie,
2/24/23,16,Shallow,2,Halophila,10,1,,Stefanie,
2/24/23,16,Shallow,2,Halodule ,10,6,,Stefanie,
2/24/23,16,Shallow,3,Halophila,20,15,,Stefanie,
2/24/23,16,Shallow,3,Halodule ,10,8,,Stefanie,
2/24/23,16,Shallow,4,Halophila,30,15,,Stefanie,
2/24/23,16,Shallow,4,Halodule ,10,5,,Stefanie,
2/24/23,16,Shallow,5,Halophila,20,2,,Stefanie,
2/24/23,16,Shallow,5,Halodule ,10,7,,Stefanie,
2/24/23,16,Shallow,1,Halophila,20,1,,Karl,
2/24/23,16,Shallow,1,Halodule ,10,8,,Karl,
2/24/23,16,Shallow,2,Halophila,5,1.5,,Karl,
2/24/23,16,Shallow,2,Halodule ,5,6.5,,Karl,
2/24/23,16,Shallow,3,Halophila,20,2.5,,Karl,
2/24/23,16,Shallow,3,Halodule ,10,6,,Karl,
2/24/23,16,Shallow,3,Macroalgae,5,,,Karl,
2/24/23,16,Shallow,4,Halophila,15,3,,Karl,
2/24/23,16,Shallow,4,Halodule ,5,5,,Karl,
2/24/23,16,Shallow,4,Macroalgae,5,,,Karl,
2/24/23,16,Shallow,5,Halophila,40,2.5,,Karl,
2/24/23,16,Shallow,5,Halodule ,5,6.5,,Karl,
2/24/23,17,Deep,1,Halophila,85,7.5,a few sponges,james,
2/24/23,17,Deep,2,Halophila,90,7.5,,james,
2/24/23,17,Deep,3,Halophila,90,7,,james,
2/24/23,17,Deep,4,Halophila,85,8.5,,james,
2/24/23,17,Deep,5,Halophila,90,10,,james,
2/24/23,17,Deep,1,Halophila,85,8.9,sponges and sand,Avery,
2/24/23,17,Deep,2,Halophila,90,8.6,sponges and sand,Avery,
2/24/23,17,Deep,3,Halophila,90,7.6,sponges and sand,Avery,
2/24/23,17,Deep,4,Halophila,85,7.2,sponges and sand,Avery,
2/24/23,17,Deep,5,Halophila,90,9.1,sponges and sand,Avery,
2/16/23,6,Deep,1,Halophila,2,3,"Mostly sand, lots of bacteria",James,
2/16/23,6,Deep,2,Halophila,2,4,"Mostly sand, lots of bacteria",James,
2/16/23,6,Deep,3,Other,0,0,"Mostly sand, lots of bacteria",James,added 0
2/16/23,6,Deep,4,Halophila,1,3,"Mostly sand, lots of bacteria",James,
2/16/23,6,Deep,5,Halophila,2,2,"Mostly sand, lots of bacteria",James,
2/16/23,6,Deep,1,Other,0,0,"Sand, bacteria mat 100%",Avery,
2/16/23,6,Deep,2,Other,0,0,"Sand, bacteria mat 100%",Avery,
2/16/23,6,Deep,3,Halophila,1,4.6,"Sand, bacteria mat 100%",Avery,
2/16/23,6,Deep,4,Halophila,1,4.6,"Sand, bacteria mat 100%",Avery,
2/16/23,6,Deep,5,Halophila,1,5.1,"Sand, bacteria mat 100%",Avery,said less than one changed to 1 for analysis
2/16/23,7,Deep,1,Halophila,95,6,,Greg,
2/16/23,7,Deep,1,Other,5,12,"No notes on what ""other"" is",Greg,
2/16/23,7,Deep,2,Halophila,80,5.5,,Greg,
2/16/23,7,Deep,2,Other,5,13,"No notes on what ""other"" is",Greg,
2/16/23,7,Deep,3,Halophila,90,5.7,,Greg,
2/16/23,7,Deep,3,Other,5,10,"No notes on what ""other"" is",Greg,
2/16/23,7,Deep,4,Halophila,15,6,,Greg,
2/16/23,7,Deep,4,Other,3,10,"No notes on what ""other"" is",Greg,
2/16/23,7,Deep,5,Halophila,85,5.6,,Greg,
2/16/23,7,Deep,5,Other,5,13,"No notes on what ""other"" is",Greg,
2/16/23,7,Deep,1,Halophila,98,11,,Darian,
2/16/23,7,Deep,1,Other,2,,"Sponge, no height data",Darian,
2/16/23,7,Deep,2,Halophila,98,11,,Darian,
2/16/23,7,Deep,2,Other,2,,"Sponge, no height data",Darian,
2/16/23,7,Deep,3,Halophila,98,11,,Darian,
2/16/23,7,Deep,3,Other,2,,"Sponge, no height data",Darian,
2/16/23,7,Deep,4,Halophila,98,11,,Darian,
2/16/23,7,Deep,4,Other,2,,"Sponge, no height data",Darian,
2/16/23,7,Deep,5,Halophila,98,11,,Darian,
2/16/23,7,Deep,5,Other,2,,"Sponge, no height data",Darian,
2/18/23,9,Deep,1,Other,0,,Few small rocks and sponges,James,changed this to zero so I don’t get Nas
2/18/23,9,Deep,2,Other,0,,Few small rocks and sponges,James,changed this to zero so I don’t get Nas
2/18/23,9,Deep,3,Other,0,,Few small rocks and sponges,James,changed this to zero so I don’t get Nas
2/18/23,9,Deep,4,Other,0,,Sandy,James,changed this to zero so I don’t get Nas
2/18/23,9,Deep,5,Other,0,,1 medium rock,James,changed this to zero so I don’t get Nas
2/18/23,9,Deep,1,Other,1,,"Sponge, no height data",Darian,
2/18/23,9,Deep,1,Rubble,99,,,Darian,
2/18/23,9,Deep,2,Other,2,,"Sponge, no height data",Darian,
2/18/23,9,Deep,2,Rubble,98,,,Darian,
2/18/23,9,Deep,3,Halophila,1,6,,Darian,
2/18/23,9,Deep,3,Rubble,98,,,Darian,
2/18/23,9,Deep,4,Other,1,,"Sponge, no height data",Darian,
2/18/23,9,Deep,4,Rubble,99,,,Darian,
2/18/23,9,Deep,5,Other,2,,"Sponge, no height data",Darian,
2/18/23,9,Deep,5,Rubble,97,,,Darian,
2/18/23,9,Deep,5,Macroalgae,1,,,Darian,
2/18/23,10,Deep,1,Other,0,,Nothing listed,Stefanie,changed this to zero so I don’t get Nas
2/18/23,10,Deep,2,Macroalgae,70,,red turf,Stefanie,
2/18/23,10,Deep,3,Macroalgae,70,,,Stefanie,
2/18/23,10,Deep,4,Macroalgae,40,,,Stefanie,
2/18/23,10,Deep,5,Macroalgae,30,,,Stefanie,
2/18/23,10,Deep,5,Halophila,3,2.5,,Stefanie,
2/18/23,10,Deep,1,Other,0,,Bacteria on ground,Sabrina,changed this to zero so I don’t get Nas
2/18/23,10,Deep,2,Other,0,,Bacteria on ground,Sabrina,
2/18/23,10,Deep,3,Other,0,,"Bacteria on ground, broken shells",Sabrina,
2/18/23,10,Deep,4,Other,0,,Bacteria on ground,Sabrina,
2/18/23,10,Deep,5,Other,0,,Bacteria on ground,Sabrina,
2/18/23,11,Deep,1,Halophila,80,5.7,,Greg,
2/18/23,11,Deep,1,Macroalgae,5,9,,Greg,
2/18/23,11,Deep,1,Other,5,8,No notes,Greg,
2/18/23,11,Deep,2,Halophila,80,6.9,,Greg,
2/18/23,11,Deep,2,Macroalgae,5,4,,Greg,
2/18/23,11,Deep,3,Halophila,90,5.9,,Greg,
2/18/23,11,Deep,3,Macroalgae,1,17,,Greg,
2/18/23,11,Deep,4,Halophila,90,6,,Greg,
2/18/23,11,Deep,4,Macroalgae,2,12.5,,Greg,
2/18/23,11,Deep,4,Other,1,13,No notes,Greg,
2/18/23,11,Deep,5,Halophila,90,5.8,,Greg,
2/18/23,11,Deep,5,Macroalgae,2,4,,Greg,
2/18/23,11,Deep,5,Other,1,7,No notes,Greg,
2/18/23,11,Deep,1,Halophila,75,7.2,,Avery,
2/18/23,11,Deep,1,Other,5,,Matted bacteria,Avery,
2/18/23,11,Deep,2,Halophila,80,6.6,,Avery,
2/18/23,11,Deep,2,Other,5,,"Bacteria, sand",Avery,
2/18/23,11,Deep,3,Halophila,85,6.9,,Avery,
2/18/23,11,Deep,3,Macroalgae,1,24.4,,Avery,said less than one changed to 1 for analysis
2/18/23,11,Deep,3,Other,3,,"Bacteria, sand",Avery,
2/18/23,11,Deep,4,Halophila,82,7.6,,Avery,
2/18/23,11,Deep,4,Macroalgae,1,,,Avery,"says <1, changed to 1"
2/18/23,11,Deep,4,Other,4,,"Bacteria, sand",Avery,
2/18/23,11,Deep,5,Halophila,87,4.4,,Avery,
2/18/23,11,Deep,5,Other,2,,Bacteria,Avery,
2/18/23,12,Deep,1,Halophila,87,7.1,,Avery,
2/18/23,12,Deep,1,Other,4,,"Bacteria, sand",Avery,
2/18/23,12,Deep,2,Halophila,91,4.5,,Avery,
2/18/23,12,Deep,2,Other,1,,,Avery,
2/18/23,12,Deep,3,Halophila,85,4.2,,Avery,
2/18/23,12,Deep,3,Other,2,,"bacteria, sand",Avery,
2/18/23,12,Deep,4,Halophila,90,6.6,,Avery,
2/18/23,12,Deep,4,Macroalgae,1,19.6,,Avery,"says <1, changed to 1"
2/18/23,12,Deep,4,Other,2,,"Bacteria, sand",Avery,
2/18/23,12,Deep,5,Halophila,91,4.6,,Avery,
2/18/23,12,Deep,5,Macroalgae,1,18.7,,Avery,"says <1, changed to 1"
2/18/23,12,Deep,5,Other,2,,"Bacteria, sand",Avery,
2/18/23,12,Deep,1,Halophila,80,5.5,,Greg,
2/18/23,12,Deep,2,Halophila,85,5.8,,Greg,
2/18/23,12,Deep,3,Halophila,90,5.9,,Greg,
2/18/23,12,Deep,4,Halophila,90,5,,Greg,
2/18/23,12,Deep,5,Halophila,95,6,,Greg,
2/21/23,13,Deep,1,Halophila,96,8,,James,
2/21/23,13,Deep,2,Halophila,98,9,,James,
2/21/23,13,Deep,3,Halophila,96,6.5,,James,
2/21/23,13,Deep,4,Halophila,96,5,,James,
2/21/23,13,Deep,5,Halophila,91,9,,James,
2/21/23,13,Deep,1,Halophila,95,6.9,,Greg,
2/21/23,13,Deep,1,Macroalgae,5,10,,Greg,
2/21/23,13,Deep,2,Halophila,85,5.4,,Greg,
2/21/23,13,Deep,2,Macroalgae,5,15,,Greg,
2/21/23,13,Deep,3,Halophila,95,5.9,,Greg,
2/21/23,13,Deep,3,Macroalgae,5,11,,Greg,
2/21/23,13,Deep,4,Halophila,90,5.5,,Greg,
2/21/23,13,Deep,4,Macroalgae,5,10,,Greg,
2/21/23,13,Deep,5,Halophila,90,6,,Greg,
2/21/23,13,Deep,5,Macroalgae,3,10,,Greg,
2/21/23,13,Deep,5,Other,3,7,"Other, no notes",Greg,
2/21/23,14,Deep,1,Halophila,65,5.5,,Greg,
2/21/23,14,Deep,1,Macroalgae,30,7,,Greg,
2/21/23,14,Deep,1,Other,5,10,,Greg,
2/21/23,14,Deep,2,Halophila,70,4.7,,Greg,
2/21/23,14,Deep,2,Macroalgae,25,10,,Greg,
2/21/23,14,Deep,2,Other,3,13,,Greg,
2/21/23,14,Deep,3,Halophila,75,5.9,,Greg,
2/21/23,14,Deep,3,Macroalgae,20,,,Greg,
2/21/23,14,Deep,3,Other,5,2,,Greg,
2/21/23,14,Deep,4,Halophila,80,5.1,,Greg,
2/21/23,14,Deep,4,Macroalgae,15,,,Greg,
2/21/23,14,Deep,4,Other,5,16,,Greg,
2/21/23,14,Deep,5,Halophila,80,5.6,,Greg,
2/21/23,14,Deep,5,Macroalgae,10,5,,Greg,
2/21/23,14,Deep,5,Other,10,1,,Greg,
2/21/23,14,Deep,1,Halophila,95,8.5,Lots of macro-bacteria/snow,James,"greg records macroalgae on this transect as a percent cover, james just notes it"
2/21/23,14,Deep,2,Halophila,98,8,Lots of macro-bacteria/snow,James,
2/21/23,14,Deep,3,Halophila,100,11,Lots of macro-bacteria/snow,James,
2/21/23,14,Deep,4,Halophila,98,18,Lots of macro-bacteria/snow,James,
2/21/23,14,Deep,5,Halophila,94,7.5,Lots of macro-bacteria/snow,James,
2/21/23,13,Shallow,1,Macroalgae,50,2,,Madi,
2/21/23,13,Shallow,1,Rubble,50,,,Madi,
2/21/23,13,Shallow,2,Macroalgae,20,3,Coral head,Madi,
2/21/23,13,Shallow,2,Rubble,80,,,Madi,
2/21/23,13,Shallow,3,Macroalgae,20,3,,Madi,
2/21/23,13,Shallow,3,Rubble,80,,,Madi,
2/21/23,13,Shallow,4,Macroalgae,70,5,,Madi,
2/21/23,13,Shallow,4,Rubble,30,,,Madi,
2/21/23,13,Shallow,5,Macroalgae,10,4,,Madi,
2/21/23,13,Shallow,5,Rubble,90,,,Madi,
2/21/23,13,Shallow,1,Macroalgae,10,2,,Jordan,
2/21/23,13,Shallow,1,Rubble,90,,,Jordan,
2/21/23,13,Shallow,2,Macroalgae,15,2,Coral ,Jordan,
2/21/23,13,Shallow,2,Rubble,75,,,Jordan,
2/21/23,13,Shallow,3,Macroalgae,17,,,Jordan,
2/21/23,13,Shallow,3,Rubble,17,,,Jordan,
2/21/23,13,Shallow,3,Other,66,,"Sand, coral, sponge",Jordan,
2/21/23,13,Shallow,4,Macroalgae,20,2,,Jordan,
2/21/23,13,Shallow,4,Other,80,,"Sand, coral, sponge",Jordan,
2/21/23,13,Shallow,5,Macroalgae,10,2,,Jordan,
2/21/23,13,Shallow,5,Rubble,10,,,Jordan,
2/21/23,13,Shallow,5,Other,80,,Sand,Jordan,
2/21/23,12,Shallow,1,Halophila,95,4.5,,Jordan,
2/21/23,12,Shallow,2,Halophila,90,4,,Jordan,
2/21/23,12,Shallow,3,Halophila,80,5,,Jordan,
2/21/23,12,Shallow,5,Halophila,90,4.5,,Jordan,
2/21/23,12,Shallow,5,Halophila,80,3.5,,Jordan,
2/21/23,12,Shallow,1,Halophila,80,4,,Madi ,
2/21/23,12,Shallow,2,Halophila,75,4.5,Sponge,Madi ,
2/21/23,12,Shallow,3,Halophila,80,4,,Madi ,
2/21/23,12,Shallow,4,Halophila,80,3,,Madi ,
2/21/23,12,Shallow,5,Halophila,70,4,Sponge,Madi ,
2/18/23,11,Shallow,1,Halophila,60,2,,Kianna,
2/18/23,11,Shallow,1,Syringodium ,30,8,,Kianna,
2/18/23,11,Shallow,1,Macroalgae,70,,,Kianna,
2/18/23,11,Shallow,2,Halophila,75,2,,Kianna,
2/18/23,11,Shallow,2,Syringodium ,25,9,,Kianna,
2/18/23,11,Shallow,2,Macroalgae,60,,,Kianna,
2/18/23,11,Shallow,3,Halophila,70,1.5,,Kianna,
2/18/23,11,Shallow,3,Syringodium ,10,6,,Kianna,
2/18/23,11,Shallow,3,Macroalgae,30,,,Kianna,
2/18/23,11,Shallow,4,Halophila,30,2,,Kianna,
2/18/23,11,Shallow,4,Syringodium ,10,11,,Kianna,
2/18/23,11,Shallow,4,Macroalgae,20,,,Kianna,
2/18/23,11,Shallow,5,Halophila,25,2.5,,Kianna,
2/18/23,11,Shallow,5,Syringodium ,5,11,,Kianna,
2/18/23,11,Shallow,5,Macroalgae,10,,,Kianna,
2/18/23,11,Shallow,1,Halophila,50,1.5,,Natalie,
2/18/23,11,Shallow,1,Syringodium ,10,8,,Natalie,
2/18/23,11,Shallow,2,Halophila,65,1,,Natalie,
2/18/23,11,Shallow,2,Syringodium ,15,3.5,,Natalie,
2/18/23,11,Shallow,3,Halophila,60,3.5,,Natalie,
2/18/23,11,Shallow,3,Syringodium ,8,5.5,,Natalie,
2/18/23,11,Shallow,4,Halophila,20,1.5,,Natalie,
2/18/23,11,Shallow,4,Syringodium ,10,6.5,,Natalie,
2/18/23,11,Shallow,5,Halophila,35,2,,Natalie,
2/18/23,11,Shallow,5,Syringodium ,5,4.5,,Natalie,
2/18/23,11,Shallow,5,Macroalgae,2,7,,Natalie,
2/18/23,10,Shallow,1,Halophila,1,1,,Kianna,
2/18/23,10,Shallow,1,Macroalgae,5,,,Kianna,
2/18/23,10,Shallow,2,Halophila,20,3.5,,Kianna,
2/18/23,10,Shallow,2,Other,40,,Coral,Kianna,
2/18/23,10,Shallow,3,Halophila,25,4,,Kianna,
2/18/23,10,Shallow,4,Halophila,10,2.5,,Kianna,
2/18/23,10,Shallow,5,Halophila,10,2.5,,Kianna,
2/18/23,10,Shallow,5,Other,10,,Coral,Kianna,
2/18/23,10,Shallow,1,Halophila,5,3.5,,Natalie,
2/18/23,10,Shallow,1,Macroalgae,2,6,,Natalie,
2/18/23,10,Shallow,2,Halophila,5,2,,Natalie,
2/18/23,10,Shallow,2,Macroalgae,1,3,,Natalie,
2/18/23,10,Shallow,3,Halophila,20,4.5,,Natalie,
2/18/23,10,Shallow,4,Halophila,0,,,Natalie,
2/18/23,10,Shallow,5,Halophila,0,,,Natalie,
2/18/23,10,Shallow,5,Macroalgae,2,8,,Natalie,
2/16/23,7,Shallow,1,Halophila,5,2,,Stefanie,
2/16/23,7,Shallow,1,Macroalgae,25,5,,Stefanie,
2/16/23,7,Shallow,1,Rubble,25,,,Stefanie,
2/16/23,7,Shallow,2,Halophila,5,2,,Stefanie,
2/16/23,7,Shallow,2,Macroalgae,20,,,Stefanie,
2/16/23,7,Shallow,2,Rubble,20,,,Stefanie,
2/16/23,7,Shallow,3,Halophila,10,2.5,,Stefanie,
2/16/23,7,Shallow,3,Macroalgae,15,7,,Stefanie,
2/16/23,7,Shallow,3,Rubble,20,,,Stefanie,
2/16/23,7,Shallow,4,Macroalgae,5,2,,Stefanie,
2/16/23,7,Shallow,5,Halophila,5,2,,Stefanie,
2/16/23,7,Shallow,5,Rubble,10,,,Stefanie,
2/16/23,7,Shallow,1,Macroalgae,2,,,Jordan ,
2/16/23,7,Shallow,1,Rubble,5,,,Jordan ,
2/16/23,7,Shallow,1,Other,5,,,Jordan ,
2/16/23,7,Shallow,2,Macroalgae,5,,,Jordan ,
2/16/23,7,Shallow,2,Rubble,5,,,Jordan ,
2/16/23,7,Shallow,2,Other,5,,,Jordan ,
2/16/23,7,Shallow,3,Macroalgae,5,,,Jordan ,
2/16/23,7,Shallow,3,Rubble,15,,,Jordan ,
2/16/23,7,Shallow,3,Other,10,,,Jordan ,
2/16/23,7,Shallow,4,Macroalgae,5,,,Jordan ,
2/16/23,7,Shallow,4,Rubble,15,,,Jordan ,
2/16/23,7,Shallow,5,Macroalgae,5,,,Jordan ,
2/16/23,7,Shallow,5,Rubble,20,,,Jordan ,
2/18/23,8,Shallow,,Other,0,,nothing observed ,Stef ,
2/18/23,8,Shallow,2,Rubble,5,,,Kianna,
2/18/23,8,Shallow,3,Rubble,20,,,Kianna,
2/18/23,8,Shallow,4,Rubble,80,,,Kianna,
2/18/23,9,Shallow,1,Halophila,70,2.5,,Stef,
2/18/23,9,Shallow,1,Syringodium ,15,12,,Stef,
2/18/23,9,Shallow,2,Halophila,60,3,,Stef,
2/18/23,9,Shallow,2,Syringodium ,20,10,,Stef,
2/18/23,9,Shallow,3,Halophila,65,4,,Stef,
2/18/23,9,Shallow,3,Syringodium ,30,11.5,,Stef,
2/18/23,9,Shallow,4,Halophila,70,3.5,,Stef,
2/18/23,9,Shallow,4,Syringodium ,20,13,,Stef,
2/18/23,9,Shallow,4,Macroalgae,5,6,,Stef,
2/18/23,9,Shallow,5,Halophila,5,2.5,,Stef,
2/18/23,9,Shallow,5,Syringodium ,60,9,,Stef,
2/18/23,9,Shallow,5,Macroalgae,5,6,,Stef,
2/18/23,9,Shallow,1,Halophila,60,3.5,,Kianna,
2/18/23,9,Shallow,1,Syringodium ,30,20,,Kianna,
2/18/23,9,Shallow,2,Halophila,46,3,,Kianna,
2/18/23,9,Shallow,2,Syringodium ,53,13,,Kianna,
2/18/23,9,Shallow,3,Halophila,61,2,,Kianna,
2/18/23,9,Shallow,3,Syringodium ,33,12,,Kianna,
2/18/23,9,Shallow,4,Halophila,90,2,,Kianna,
2/18/23,9,Shallow,4,Syringodium ,10,17,,Kianna,
2/18/23,9,Shallow,5,Halophila,33,4,,Kianna,
2/18/23,9,Shallow,5,Syringodium ,66,16,,Kianna,